{
"type": "FeatureCollection",
"name": "settlements",
"crs": { "type": "name", "properties": { "name": "urn:ogc:def:crs:OGC:1.3:CRS84" } },
"features": [
{ "type": "Feature", "properties": { "osm_id": 245772743, "name": "Dehra Gopipur", "place": "town", "osm_population": 1000.0 }, "geometry": { "type": "Point", "coordinates": [ 76.2258111, 31.8787244 ] } },
{ "type": "Feature", "properties": { "osm_id": 245773039, "name": "Kangra", "place": "town", "osm_population": 5000.0 }, "geometry": { "type": "Point", "coordinates": [ 76.2723559, 32.1031646 ] } },
{ "type": "Feature", "properties": { "osm_id": 245773086, "name": "Dharamshala", "place": "city", "osm_population": 56543.0 }, "geometry": { "type": "Point", "coordinates": [ 76.3196717, 32.2143039 ] } },
{ "type": "Feature", "properties": { "osm_id": 245773120, "name": "Nurpur", "place": "town", "osm_population": 10000.0 }, "geometry": { "type": "Point", "coordinates": [ 75.8839627, 32.2997393 ] } },
{ "type": "Feature", "properties": { "osm_id": 342118182, "name": "McLeod Ganj", "place": "suburb", "osm_population": null }, "geometry": { "type": "Point", "coordinates": [ 76.326238, 32.2352666 ] } },
{ "type": "Feature", "properties": { "osm_id": 342118255, "name": "Jwalamukhi", "place": "town", "osm_population": null }, "geometry": { "type": "Point", "coordinates": [ 76.320936, 31.874083 ] } },
{ "type": "Feature", "properties": { "osm_id": 342118490, "name": "Baijnath", "place": "town", "osm_population": null }, "geometry": { "type": "Point", "coordinates": [ 76.6449703, 32.0497564 ] } },
{ "type": "Feature", "properties": { "osm_id": 342118501, "name": "Alhilal", "place": "village", "osm_population": null }, "geometry": { "type": "Point", "coordinates": [ 76.6010015, 32.0727838 ] } },
{ "type": "Feature", "properties": { "osm_id": 540888754, "name": "Sansal", "place": "village", "osm_population": null }, "geometry": { "type": "Point", "coordinates": [ 76.6963209, 32.0668867 ] } },
{ "type": "Feature", "properties": { "osm_id": 554049249, "name": "Ranital", "place": "village", "osm_population": null }, "geometry": { "type": "Point", "coordinates": [ 76.2303664, 32.0049553 ] } },
{ "type": "Feature", "properties": { "osm_id": 559380385, "name": "Chetru", "place": "village", "osm_population": null }, "geometry": { "type": "Point", "coordinates": [ 76.2919245, 32.1603568 ] } },
{ "type": "Feature", "properties": { "osm_id": 560415689, "name": "Mainjha", "place": "village", "osm_population": null }, "geometry": { "type": "Point", "coordinates": [ 76.4928079, 32.1106199 ] } },
{ "type": "Feature", "properties": { "osm_id": 560418351, "name": "Bagoda", "place": "village", "osm_population": null }, "geometry": { "type": "Point", "coordinates": [ 76.4895973, 32.1226921 ] } },
{ "type": "Feature", "properties": { "osm_id": 560419702, "name": "Nagri", "place": "village", "osm_population": null }, "geometry": { "type": "Point", "coordinates": [ 76.4763317, 32.1311997 ] } },
{ "type": "Feature", "properties": { "osm_id": 560422666, "name": "Chachiyan", "place": "village", "osm_population": null }, "geometry": { "type": "Point", "coordinates": [ 76.4714447, 32.132814 ] } },
{ "type": "Feature", "properties": { "osm_id": 560422752, "name": "Gopalpur", "place": "village", "osm_population": null }, "geometry": { "type": "Point", "coordinates": [ 76.4544356, 32.143623 ] } },
{ "type": "Feature", "properties": { "osm_id": 560434269, "name": "Jadrangal", "place": "village", "osm_population": null }, "geometry": { "type": "Point", "coordinates": [ 76.4100659, 32.1592238 ] } },
{ "type": "Feature", "properties": { "osm_id": 560438088, "name": "Tang", "place": "village", "osm_population": null }, "geometry": { "type": "Point", "coordinates": [ 76.401473, 32.1636613 ] } },
{ "type": "Feature", "properties": { "osm_id": 560443446, "name": "Yol", "place": "village", "osm_population": null }, "geometry": { "type": "Point", "coordinates": [ 76.3733706, 32.1815419 ] } },
{ "type": "Feature", "properties": { "osm_id": 560446587, "name": "Sidhbari", "place": "village", "osm_population": null }, "geometry": { "type": "Point", "coordinates": [ 76.3620776, 32.189926 ] } },
{ "type": "Feature", "properties": { "osm_id": 560446662, "name": "Sidhpur", "place": "village", "osm_population": null }, "geometry": { "type": "Point", "coordinates": [ 76.3485352, 32.1935099 ] } },
{ "type": "Feature", "properties": { "osm_id": 560453941, "name": "Dari", "place": "suburb", "osm_population": null }, "geometry": { "type": "Point", "coordinates": [ 76.3405365, 32.1984329 ] } },
{ "type": "Feature", "properties": { "osm_id": 570710805, "name": "Sudher", "place": "village", "osm_population": null }, "geometry": { "type": "Point", "coordinates": [ 76.3019677, 32.2154323 ] } },
{ "type": "Feature", "properties": { "osm_id": 570710811, "name": "Gharoh", "place": "village", "osm_population": null }, "geometry": { "type": "Point", "coordinates": [ 76.2844867, 32.2110128 ] } },
{ "type": "Feature", "properties": { "osm_id": 570710886, "name": "Maiti", "place": "village", "osm_population": null }, "geometry": { "type": "Point", "coordinates": [ 76.2751606, 32.2114729 ] } },
{ "type": "Feature", "properties": { "osm_id": 570739099, "name": "Ghera", "place": "village", "osm_population": null }, "geometry": { "type": "Point", "coordinates": [ 76.286934, 32.2624197 ] } },
{ "type": "Feature", "properties": { "osm_id": 570749137, "name": "Dhrakala", "place": "village", "osm_population": null }, "geometry": { "type": "Point", "coordinates": [ 76.2871504, 32.2733476 ] } },
{ "type": "Feature", "properties": { "osm_id": 622316123, "name": "Naddi", "place": "village", "osm_population": null }, "geometry": { "type": "Point", "coordinates": [ 76.3078116, 32.2495871 ] } },
{ "type": "Feature", "properties": { "osm_id": 622316377, "name": "Dharamkot", "place": "village", "osm_population": null }, "geometry": { "type": "Point", "coordinates": [ 76.3259971, 32.2455318 ] } },
{ "type": "Feature", "properties": { "osm_id": 622324606, "name": "Rava", "place": "hamlet", "osm_population": null }, "geometry": { "type": "Point", "coordinates": [ 76.2980056, 32.2728777 ] } },
{ "type": "Feature", "properties": { "osm_id": 622325147, "name": "Khadbai", "place": "village", "osm_population": null }, "geometry": { "type": "Point", "coordinates": [ 76.2914211, 32.2774953 ] } },
{ "type": "Feature", "properties": { "osm_id": 622326108, "name": "Uparli Khadbai", "place": "village", "osm_population": null }, "geometry": { "type": "Point", "coordinates": [ 76.2893602, 32.2803553 ] } },
{ "type": "Feature", "properties": { "osm_id": 622327065, "name": "Nauli", "place": "village", "osm_population": null }, "geometry": { "type": "Point", "coordinates": [ 76.2612027, 32.2852494 ] } },
{ "type": "Feature", "properties": { "osm_id": 622355805, "name": "unnamed_622355805", "place": "village", "osm_population": null }, "geometry": { "type": "Point", "coordinates": [ 76.247982, 32.2861296 ] } },
{ "type": "Feature", "properties": { "osm_id": 622811200, "name": "Jamali", "place": "village", "osm_population": null }, "geometry": { "type": "Point", "coordinates": [ 76.2883845, 32.2725191 ] } },
{ "type": "Feature", "properties": { "osm_id": 622811884, "name": "Bontu", "place": "village", "osm_population": null }, "geometry": { "type": "Point", "coordinates": [ 76.2965908, 32.26956 ] } },
{ "type": "Feature", "properties": { "osm_id": 673857660, "name": "Sokni Da Kot", "place": "hamlet", "osm_population": null }, "geometry": { "type": "Point", "coordinates": [ 76.3718886, 32.2019692 ] } },
{ "type": "Feature", "properties": { "osm_id": 673857701, "name": "Loont", "place": "hamlet", "osm_population": null }, "geometry": { "type": "Point", "coordinates": [ 76.3807662, 32.2078664 ] } },
{ "type": "Feature", "properties": { "osm_id": 673872060, "name": "Thathri", "place": "hamlet", "osm_population": null }, "geometry": { "type": "Point", "coordinates": [ 76.3655013, 32.2360686 ] } },
{ "type": "Feature", "properties": { "osm_id": 673875224, "name": "Kand", "place": "hamlet", "osm_population": null }, "geometry": { "type": "Point", "coordinates": [ 76.4245933, 32.1692931 ] } },
{ "type": "Feature", "properties": { "osm_id": 676471327, "name": "Palampur", "place": "city", "osm_population": 40385.0 }, "geometry": { "type": "Point", "coordinates": [ 76.5359534, 32.1095492 ] } },
{ "type": "Feature", "properties": { "osm_id": 676474641, "name": "Kalu di Hatti", "place": "village", "osm_population": null }, "geometry": { "type": "Point", "coordinates": [ 76.5244472, 32.0870782 ] } },
{ "type": "Feature", "properties": { "osm_id": 695054933, "name": "Bhagsu", "place": "village", "osm_population": null }, "geometry": { "type": "Point", "coordinates": [ 76.3334748, 32.243964 ] } },
{ "type": "Feature", "properties": { "osm_id": 699749090, "name": "Billing", "place": "hamlet", "osm_population": null }, "geometry": { "type": "Point", "coordinates": [ 76.7446275, 32.0584272 ] } },
{ "type": "Feature", "properties": { "osm_id": 699749682, "name": "Rajgundha", "place": "hamlet", "osm_population": null }, "geometry": { "type": "Point", "coordinates": [ 76.7661185, 32.0910859 ] } },
{ "type": "Feature", "properties": { "osm_id": 699751516, "name": "Kukargundha", "place": "hamlet", "osm_population": null }, "geometry": { "type": "Point", "coordinates": [ 76.7618256, 32.1033226 ] } },
{ "type": "Feature", "properties": { "osm_id": 699757031, "name": "Baragaran", "place": "hamlet", "osm_population": null }, "geometry": { "type": "Point", "coordinates": [ 76.7756361, 32.091546 ] } },
{ "type": "Feature", "properties": { "osm_id": 699761788, "name": "Malotha", "place": "hamlet", "osm_population": null }, "geometry": { "type": "Point", "coordinates": [ 76.7814058, 32.087205 ] } },
{ "type": "Feature", "properties": { "osm_id": 699765782, "name": "Kothikodh", "place": "hamlet", "osm_population": null }, "geometry": { "type": "Point", "coordinates": [ 76.7973267, 32.0815993 ] } },
{ "type": "Feature", "properties": { "osm_id": 699765827, "name": "Uparli Kodh", "place": "hamlet", "osm_population": null }, "geometry": { "type": "Point", "coordinates": [ 76.8010348, 32.0851139 ] } },
{ "type": "Feature", "properties": { "osm_id": 699779640, "name": "Chherna", "place": "hamlet", "osm_population": null }, "geometry": { "type": "Point", "coordinates": [ 76.8524229, 32.0906332 ] } },
{ "type": "Feature", "properties": { "osm_id": 699782165, "name": "Shawar", "place": "hamlet", "osm_population": null }, "geometry": { "type": "Point", "coordinates": [ 76.8498769, 32.0858567 ] } },
{ "type": "Feature", "properties": { "osm_id": 716022811, "name": "Dhradka", "place": "hamlet", "osm_population": null }, "geometry": { "type": "Point", "coordinates": [ 76.2995268, 32.2755007 ] } },
{ "type": "Feature", "properties": { "osm_id": 716533361, "name": "Lower Thulel", "place": "village", "osm_population": null }, "geometry": { "type": "Point", "coordinates": [ 76.1465757, 32.2316095 ] } },
{ "type": "Feature", "properties": { "osm_id": 716551822, "name": "Balana", "place": "village", "osm_population": null }, "geometry": { "type": "Point", "coordinates": [ 76.1534177, 32.2333266 ] } },
{ "type": "Feature", "properties": { "osm_id": 716551910, "name": "Dramman", "place": "village", "osm_population": null }, "geometry": { "type": "Point", "coordinates": [ 76.1704007, 32.2268934 ] } },
{ "type": "Feature", "properties": { "osm_id": 716606384, "name": "Chambi", "place": "hamlet", "osm_population": null }, "geometry": { "type": "Point", "coordinates": [ 76.2203108, 32.1839753 ] } },
{ "type": "Feature", "properties": { "osm_id": 716606518, "name": "Upper Basnoor", "place": "village", "osm_population": null }, "geometry": { "type": "Point", "coordinates": [ 76.216097, 32.2013005 ] } },
{ "type": "Feature", "properties": { "osm_id": 716606684, "name": "Palwala", "place": "village", "osm_population": null }, "geometry": { "type": "Point", "coordinates": [ 76.2164247, 32.2127806 ] } },
{ "type": "Feature", "properties": { "osm_id": 716606732, "name": "Rehlu", "place": "village", "osm_population": null }, "geometry": { "type": "Point", "coordinates": [ 76.2085313, 32.226025 ] } },
{ "type": "Feature", "properties": { "osm_id": 716622530, "name": "Dodhamb", "place": "village", "osm_population": null }, "geometry": { "type": "Point", "coordinates": [ 76.2397665, 32.2001314 ] } },
{ "type": "Feature", "properties": { "osm_id": 716622533, "name": "Chadhi", "place": "village", "osm_population": null }, "geometry": { "type": "Point", "coordinates": [ 76.2560241, 32.2057746 ] } },
{ "type": "Feature", "properties": { "osm_id": 724094284, "name": "Kandi", "place": "village", "osm_population": null }, "geometry": { "type": "Point", "coordinates": [ 76.5286035, 32.1451145 ] } },
{ "type": "Feature", "properties": { "osm_id": 724107766, "name": "Ghamrota", "place": "village", "osm_population": null }, "geometry": { "type": "Point", "coordinates": [ 76.4923396, 32.148735 ] } },
{ "type": "Feature", "properties": { "osm_id": 724111126, "name": "Ballah", "place": "village", "osm_population": null }, "geometry": { "type": "Point", "coordinates": [ 76.4782192, 32.1408843 ] } },
{ "type": "Feature", "properties": { "osm_id": 724111184, "name": "Ustehar", "place": "village", "osm_population": null }, "geometry": { "type": "Point", "coordinates": [ 76.4807449, 32.1440648 ] } },
{ "type": "Feature", "properties": { "osm_id": 724112042, "name": "Hangloh", "place": "village", "osm_population": null }, "geometry": { "type": "Point", "coordinates": [ 76.4685655, 32.1168995 ] } },
{ "type": "Feature", "properties": { "osm_id": 724113722, "name": "Aarath", "place": "village", "osm_population": null }, "geometry": { "type": "Point", "coordinates": [ 76.4667353, 32.0955178 ] } },
{ "type": "Feature", "properties": { "osm_id": 724118074, "name": "Majhethli Uparli", "place": "hamlet", "osm_population": null }, "geometry": { "type": "Point", "coordinates": [ 76.4131592, 32.1216787 ] } },
{ "type": "Feature", "properties": { "osm_id": 724118081, "name": "Paraur", "place": "village", "osm_population": null }, "geometry": { "type": "Point", "coordinates": [ 76.4621298, 32.0813644 ] } },
{ "type": "Feature", "properties": { "osm_id": 724118116, "name": "Pathiar", "place": "village", "osm_population": null }, "geometry": { "type": "Point", "coordinates": [ 76.4127993, 32.1292135 ] } },
{ "type": "Feature", "properties": { "osm_id": 733786081, "name": "Kandi", "place": "village", "osm_population": null }, "geometry": { "type": "Point", "coordinates": [ 76.3463802, 32.2133361 ] } },
{ "type": "Feature", "properties": { "osm_id": 733786169, "name": "Mohli", "place": "hamlet", "osm_population": null }, "geometry": { "type": "Point", "coordinates": [ 76.3672857, 32.2032515 ] } },
{ "type": "Feature", "properties": { "osm_id": 733786208, "name": "Khaniara", "place": "village", "osm_population": null }, "geometry": { "type": "Point", "coordinates": [ 76.3684996, 32.2125172 ] } },
{ "type": "Feature", "properties": { "osm_id": 733786436, "name": "Darnu", "place": "hamlet", "osm_population": null }, "geometry": { "type": "Point", "coordinates": [ 76.3321913, 32.2183991 ] } },
{ "type": "Feature", "properties": { "osm_id": 733808740, "name": "Gang Bhairon", "place": "village", "osm_population": null }, "geometry": { "type": "Point", "coordinates": [ 76.2927145, 32.1468308 ] } },
{ "type": "Feature", "properties": { "osm_id": 761058472, "name": "Stovari", "place": "hamlet", "osm_population": null }, "geometry": { "type": "Point", "coordinates": [ 76.2962416, 32.2467967 ] } },
{ "type": "Feature", "properties": { "osm_id": 811008663, "name": "Patti", "place": "village", "osm_population": null }, "geometry": { "type": "Point", "coordinates": [ 76.5388913, 32.0730286 ] } },
{ "type": "Feature", "properties": { "osm_id": 811008699, "name": "Banotu", "place": "village", "osm_population": null }, "geometry": { "type": "Point", "coordinates": [ 76.5347256, 32.0776883 ] } },
{ "type": "Feature", "properties": { "osm_id": 811008725, "name": "Beogran", "place": "village", "osm_population": null }, "geometry": { "type": "Point", "coordinates": [ 76.5483556, 32.0700304 ] } },
{ "type": "Feature", "properties": { "osm_id": 811008748, "name": "Ustehar", "place": "village", "osm_population": null }, "geometry": { "type": "Point", "coordinates": [ 76.5521727, 32.0694101 ] } },
{ "type": "Feature", "properties": { "osm_id": 811008844, "name": "Panchrukhi", "place": "village", "osm_population": null }, "geometry": { "type": "Point", "coordinates": [ 76.5658202, 32.0558649 ] } },
{ "type": "Feature", "properties": { "osm_id": 811008873, "name": "Baloo", "place": "village", "osm_population": null }, "geometry": { "type": "Point", "coordinates": [ 76.5560944, 32.0686346 ] } },
{ "type": "Feature", "properties": { "osm_id": 811008912, "name": "Rajpur", "place": "village", "osm_population": null }, "geometry": { "type": "Point", "coordinates": [ 76.529026, 32.0846367 ] } },
{ "type": "Feature", "properties": { "osm_id": 811009629, "name": "Bhuana", "place": "village", "osm_population": null }, "geometry": { "type": "Point", "coordinates": [ 76.5922362, 32.0106093 ] } },
{ "type": "Feature", "properties": { "osm_id": 811009917, "name": "Karodi", "place": "village", "osm_population": null }, "geometry": { "type": "Point", "coordinates": [ 76.590926, 32.0236336 ] } },
{ "type": "Feature", "properties": { "osm_id": 811009993, "name": "Agojar", "place": "village", "osm_population": null }, "geometry": { "type": "Point", "coordinates": [ 76.5830617, 32.0307147 ] } },
{ "type": "Feature", "properties": { "osm_id": 811009999, "name": "Lower Agojar", "place": "village", "osm_population": null }, "geometry": { "type": "Point", "coordinates": [ 76.5861851, 32.0270501 ] } },
{ "type": "Feature", "properties": { "osm_id": 811015483, "name": "Ashapuri", "place": "village", "osm_population": null }, "geometry": { "type": "Point", "coordinates": [ 76.5787443, 31.9754257 ] } },
{ "type": "Feature", "properties": { "osm_id": 811015593, "name": "Badaar Patt", "place": "village", "osm_population": null }, "geometry": { "type": "Point", "coordinates": [ 76.5810757, 31.9805613 ] } },
{ "type": "Feature", "properties": { "osm_id": 811015733, "name": "Malli", "place": "village", "osm_population": null }, "geometry": { "type": "Point", "coordinates": [ 76.5802303, 31.9925923 ] } },
{ "type": "Feature", "properties": { "osm_id": 811016068, "name": "chauki", "place": "village", "osm_population": null }, "geometry": { "type": "Point", "coordinates": [ 76.5970168, 32.0078233 ] } },
{ "type": "Feature", "properties": { "osm_id": 847676752, "name": "Gaglundi Malahn", "place": "hamlet", "osm_population": null }, "geometry": { "type": "Point", "coordinates": [ 76.8051287, 32.0776352 ] } },
{ "type": "Feature", "properties": { "osm_id": 847676970, "name": "Dyot", "place": "village", "osm_population": null }, "geometry": { "type": "Point", "coordinates": [ 76.8265417, 32.0505635 ] } },
{ "type": "Feature", "properties": { "osm_id": 847677331, "name": "Sarla", "place": "hamlet", "osm_population": null }, "geometry": { "type": "Point", "coordinates": [ 76.8057258, 32.065877 ] } },
{ "type": "Feature", "properties": { "osm_id": 848315040, "name": "Lower Bara Bhanghal", "place": "hamlet", "osm_population": null }, "geometry": { "type": "Point", "coordinates": [ 76.8105857, 32.3227209 ] } },
{ "type": "Feature", "properties": { "osm_id": 848317024, "name": "Upper Bara Bhanghal", "place": "hamlet", "osm_population": null }, "geometry": { "type": "Point", "coordinates": [ 76.813563, 32.3246398 ] } },
{ "type": "Feature", "properties": { "osm_id": 851016322, "name": "Jadiyala", "place": "village", "osm_population": null }, "geometry": { "type": "Point", "coordinates": [ 76.5881433, 32.0724758 ] } },
{ "type": "Feature", "properties": { "osm_id": 851016925, "name": "Saliyana", "place": "village", "osm_population": null }, "geometry": { "type": "Point", "coordinates": [ 76.5674887, 32.0669516 ] } },
{ "type": "Feature", "properties": { "osm_id": 851020485, "name": "Jandpur", "place": "village", "osm_population": null }, "geometry": { "type": "Point", "coordinates": [ 76.5980005, 32.0660143 ] } },
{ "type": "Feature", "properties": { "osm_id": 853160027, "name": "Galllu Langha", "place": "village", "osm_population": 1500.0 }, "geometry": { "type": "Point", "coordinates": [ 76.5630902, 32.1293097 ] } },
{ "type": "Feature", "properties": { "osm_id": 856415545, "name": "Salli", "place": "village", "osm_population": null }, "geometry": { "type": "Point", "coordinates": [ 76.2376231, 32.2888909 ] } },
{ "type": "Feature", "properties": { "osm_id": 971638766, "name": "Bhattu", "place": "village", "osm_population": null }, "geometry": { "type": "Point", "coordinates": [ 76.4841987, 32.0800404 ] } },
{ "type": "Feature", "properties": { "osm_id": 971638859, "name": "Paprola", "place": "suburb", "osm_population": null }, "geometry": { "type": "Point", "coordinates": [ 76.6342765, 32.0547584 ] } },
{ "type": "Feature", "properties": { "osm_id": 971639011, "name": "Ghurkari", "place": "village", "osm_population": null }, "geometry": { "type": "Point", "coordinates": [ 76.292395, 32.1272443 ] } },
{ "type": "Feature", "properties": { "osm_id": 1328170394, "name": "Bhanala", "place": "village", "osm_population": null }, "geometry": { "type": "Point", "coordinates": [ 76.1881281, 32.2271576 ] } },
{ "type": "Feature", "properties": { "osm_id": 1328175997, "name": "Vasa", "place": "village", "osm_population": null }, "geometry": { "type": "Point", "coordinates": [ 76.1879188, 32.235097 ] } },
{ "type": "Feature", "properties": { "osm_id": 1328187747, "name": "Darini", "place": "village", "osm_population": null }, "geometry": { "type": "Point", "coordinates": [ 76.2022321, 32.2738125 ] } },
{ "type": "Feature", "properties": { "osm_id": 1328198241, "name": "Rirh Kamar", "place": "village", "osm_population": null }, "geometry": { "type": "Point", "coordinates": [ 76.1923854, 32.2813217 ] } },
{ "type": "Feature", "properties": { "osm_id": 1328214331, "name": "Lahri", "place": "village", "osm_population": null }, "geometry": { "type": "Point", "coordinates": [ 76.2246599, 32.2904759 ] } },
{ "type": "Feature", "properties": { "osm_id": 1522750712, "name": "Mataur", "place": "village", "osm_population": null }, "geometry": { "type": "Point", "coordinates": [ 76.2969701, 32.1362836 ] } },
{ "type": "Feature", "properties": { "osm_id": 1522750715, "name": "Nagrota Bagwan", "place": "town", "osm_population": null }, "geometry": { "type": "Point", "coordinates": [ 76.3785064, 32.1079012 ] } },
{ "type": "Feature", "properties": { "osm_id": 1795280689, "name": "Forsyth Ganj", "place": "suburb", "osm_population": null }, "geometry": { "type": "Point", "coordinates": [ 76.3106611, 32.2409164 ] } },
{ "type": "Feature", "properties": { "osm_id": 1795280690, "name": "Kotwali Bazaar", "place": "suburb", "osm_population": null }, "geometry": { "type": "Point", "coordinates": [ 76.3183069, 32.2191729 ] } },
{ "type": "Feature", "properties": { "osm_id": 1878031896, "name": "Sulah", "place": "village", "osm_population": null }, "geometry": { "type": "Point", "coordinates": [ 76.4717983, 32.0586819 ] } },
{ "type": "Feature", "properties": { "osm_id": 2023668606, "name": "Rakkar", "place": "village", "osm_population": null }, "geometry": { "type": "Point", "coordinates": [ 76.3694363, 32.1972892 ] } },
{ "type": "Feature", "properties": { "osm_id": 2026704801, "name": "Gaggal", "place": "village", "osm_population": null }, "geometry": { "type": "Point", "coordinates": [ 76.2702655, 32.1522926 ] } },
{ "type": "Feature", "properties": { "osm_id": 2026754292, "name": "Fatehpur", "place": "village", "osm_population": null }, "geometry": { "type": "Point", "coordinates": [ 76.3554813, 32.1912594 ] } },
{ "type": "Feature", "properties": { "osm_id": 2028135778, "name": "Yol Cantonment", "place": "suburb", "osm_population": 12028.0 }, "geometry": { "type": "Point", "coordinates": [ 76.3825599, 32.1804527 ] } },
{ "type": "Feature", "properties": { "osm_id": 2041811368, "name": "Jogiwara", "place": "hamlet", "osm_population": null }, "geometry": { "type": "Point", "coordinates": [ 76.326849, 32.230838 ] } },
{ "type": "Feature", "properties": { "osm_id": 2043646688, "name": "Civil Lines", "place": "suburb", "osm_population": null }, "geometry": { "type": "Point", "coordinates": [ 76.3216574, 32.2064107 ] } },
{ "type": "Feature", "properties": { "osm_id": 2092279060, "name": "Sakoh", "place": "village", "osm_population": null }, "geometry": { "type": "Point", "coordinates": [ 76.3119472, 32.1875079 ] } },
{ "type": "Feature", "properties": { "osm_id": 2092279067, "name": "Sarah", "place": "village", "osm_population": null }, "geometry": { "type": "Point", "coordinates": [ 76.2936507, 32.1786473 ] } },
{ "type": "Feature", "properties": { "osm_id": 2092419426, "name": "Rait", "place": "village", "osm_population": null }, "geometry": { "type": "Point", "coordinates": [ 76.2155125, 32.1863124 ] } },
{ "type": "Feature", "properties": { "osm_id": 2361327508, "name": "Chamunda", "place": "village", "osm_population": null }, "geometry": { "type": "Point", "coordinates": [ 76.4201225, 32.1486325 ] } },
{ "type": "Feature", "properties": { "osm_id": 2361367884, "name": "Nagrota Surian", "place": "village", "osm_population": null }, "geometry": { "type": "Point", "coordinates": [ 76.0888317, 32.0506578 ] } },
{ "type": "Feature", "properties": { "osm_id": 2361388769, "name": "Dhameta", "place": "village", "osm_population": null }, "geometry": { "type": "Point", "coordinates": [ 75.9631397, 32.0427781 ] } },
{ "type": "Feature", "properties": { "osm_id": 2361388772, "name": "Jawali", "place": "village", "osm_population": null }, "geometry": { "type": "Point", "coordinates": [ 76.0111205, 32.1454844 ] } },
{ "type": "Feature", "properties": { "osm_id": 2361388774, "name": "Raja Ka Talab", "place": "village", "osm_population": null }, "geometry": { "type": "Point", "coordinates": [ 75.9149205, 32.2130631 ] } },
{ "type": "Feature", "properties": { "osm_id": 2371544882, "name": "Barol", "place": "suburb", "osm_population": null }, "geometry": { "type": "Point", "coordinates": [ 76.3302904, 32.203364 ] } },
{ "type": "Feature", "properties": { "osm_id": 2371544883, "name": "Ram Nagar", "place": "suburb", "osm_population": null }, "geometry": { "type": "Point", "coordinates": [ 76.3239924, 32.2207611 ] } },
{ "type": "Feature", "properties": { "osm_id": 2371544884, "name": "Shyam Nagar", "place": "suburb", "osm_population": null }, "geometry": { "type": "Point", "coordinates": [ 76.32508, 32.2111412 ] } },
{ "type": "Feature", "properties": { "osm_id": 2371544885, "name": "Sukar", "place": "hamlet", "osm_population": null }, "geometry": { "type": "Point", "coordinates": [ 76.3437388, 32.1989527 ] } },
{ "type": "Feature", "properties": { "osm_id": 2371546648, "name": "Narghota", "place": "hamlet", "osm_population": null }, "geometry": { "type": "Point", "coordinates": [ 76.3037233, 32.2060686 ] } },
{ "type": "Feature", "properties": { "osm_id": 2371546650, "name": "Tapovan", "place": "hamlet", "osm_population": null }, "geometry": { "type": "Point", "coordinates": [ 76.3617997, 32.1779039 ] } },
{ "type": "Feature", "properties": { "osm_id": 2371575107, "name": "Daghwar", "place": "village", "osm_population": null }, "geometry": { "type": "Point", "coordinates": [ 76.306009, 32.1665449 ] } },
{ "type": "Feature", "properties": { "osm_id": 2371575108, "name": "Khatehar", "place": "village", "osm_population": null }, "geometry": { "type": "Point", "coordinates": [ 76.3110642, 32.1573747 ] } },
{ "type": "Feature", "properties": { "osm_id": 2371622577, "name": "Maned", "place": "hamlet", "osm_population": null }, "geometry": { "type": "Point", "coordinates": [ 76.2991354, 32.1629541 ] } },
{ "type": "Feature", "properties": { "osm_id": 2371631770, "name": "Kaliara", "place": "village", "osm_population": null }, "geometry": { "type": "Point", "coordinates": [ 76.2772665, 32.1843976 ] } },
{ "type": "Feature", "properties": { "osm_id": 2371631771, "name": "Oder", "place": "hamlet", "osm_population": null }, "geometry": { "type": "Point", "coordinates": [ 76.2785989, 32.1951284 ] } },
{ "type": "Feature", "properties": { "osm_id": 2376974343, "name": "Bagada", "place": "hamlet", "osm_population": null }, "geometry": { "type": "Point", "coordinates": [ 76.3974669, 32.2248579 ] } },
{ "type": "Feature", "properties": { "osm_id": 2376974346, "name": "Kharota", "place": "hamlet", "osm_population": null }, "geometry": { "type": "Point", "coordinates": [ 76.3797407, 32.2143421 ] } },
{ "type": "Feature", "properties": { "osm_id": 2376974385, "name": "Slate Godam", "place": "hamlet", "osm_population": null }, "geometry": { "type": "Point", "coordinates": [ 76.3911602, 32.1992966 ] } },
{ "type": "Feature", "properties": { "osm_id": 2380791818, "name": "Bhawana", "place": "village", "osm_population": null }, "geometry": { "type": "Point", "coordinates": [ 76.4989747, 32.0447538 ] } },
{ "type": "Feature", "properties": { "osm_id": 2380791819, "name": "Fatehpur", "place": "village", "osm_population": null }, "geometry": { "type": "Point", "coordinates": [ 75.9444294, 32.1123095 ] } },
{ "type": "Feature", "properties": { "osm_id": 2380791820, "name": "Jassur", "place": "town", "osm_population": null }, "geometry": { "type": "Point", "coordinates": [ 75.8494473, 32.2816237 ] } },
{ "type": "Feature", "properties": { "osm_id": 2380791821, "name": "Maranda", "place": "village", "osm_population": null }, "geometry": { "type": "Point", "coordinates": [ 76.5143354, 32.0827271 ] } },
{ "type": "Feature", "properties": { "osm_id": 2380791823, "name": "Thural", "place": "village", "osm_population": null }, "geometry": { "type": "Point", "coordinates": [ 76.4612244, 31.9055067 ] } },
{ "type": "Feature", "properties": { "osm_id": 2380810554, "name": "Bandla", "place": "village", "osm_population": null }, "geometry": { "type": "Point", "coordinates": [ 76.5368284, 32.1339372 ] } },
{ "type": "Feature", "properties": { "osm_id": 2380810555, "name": "Dadh", "place": "village", "osm_population": null }, "geometry": { "type": "Point", "coordinates": [ 76.4192056, 32.1438235 ] } },
{ "type": "Feature", "properties": { "osm_id": 2380810558, "name": "Malan", "place": "village", "osm_population": null }, "geometry": { "type": "Point", "coordinates": [ 76.4194978, 32.1138009 ] } },
{ "type": "Feature", "properties": { "osm_id": 2380811684, "name": "Damtal", "place": "village", "osm_population": null }, "geometry": { "type": "Point", "coordinates": [ 75.6722344, 32.2539125 ] } },
{ "type": "Feature", "properties": { "osm_id": 2380811685, "name": "Kandwal", "place": "village", "osm_population": null }, "geometry": { "type": "Point", "coordinates": [ 75.7797659, 32.2789198 ] } },
{ "type": "Feature", "properties": { "osm_id": 2386471533, "name": "Talnu", "place": "hamlet", "osm_population": null }, "geometry": { "type": "Point", "coordinates": [ 76.2999217, 32.2545127 ] } },
{ "type": "Feature", "properties": { "osm_id": 2386626704, "name": "Galu Devi", "place": "hamlet", "osm_population": null }, "geometry": { "type": "Point", "coordinates": [ 76.3257916, 32.2549465 ] } },
{ "type": "Feature", "properties": { "osm_id": 2392390033, "name": "Holta Cantonment", "place": "suburb", "osm_population": null }, "geometry": { "type": "Point", "coordinates": [ 76.5558084, 32.1131432 ] } },
{ "type": "Feature", "properties": { "osm_id": 2393039688, "name": "Bangotu", "place": "hamlet", "osm_population": null }, "geometry": { "type": "Point", "coordinates": [ 76.3439988, 32.232388 ] } },
{ "type": "Feature", "properties": { "osm_id": 2393050071, "name": "Mana", "place": "hamlet", "osm_population": null }, "geometry": { "type": "Point", "coordinates": [ 76.3539895, 32.2410082 ] } },
{ "type": "Feature", "properties": { "osm_id": 2863772522, "name": "Barnet", "place": "hamlet", "osm_population": null }, "geometry": { "type": "Point", "coordinates": [ 76.2909752, 32.241088 ] } },
{ "type": "Feature", "properties": { "osm_id": 2863806761, "name": "Tota Rani", "place": "hamlet", "osm_population": null }, "geometry": { "type": "Point", "coordinates": [ 76.3068036, 32.2442422 ] } },
{ "type": "Feature", "properties": { "osm_id": 3010354931, "name": "Chakban", "place": "hamlet", "osm_population": null }, "geometry": { "type": "Point", "coordinates": [ 76.3734109, 32.208805 ] } },
{ "type": "Feature", "properties": { "osm_id": 3020448184, "name": "Kharota", "place": "hamlet", "osm_population": null }, "geometry": { "type": "Point", "coordinates": [ 76.3770402, 32.2106823 ] } },
{ "type": "Feature", "properties": { "osm_id": 3066821488, "name": "Chintpurni", "place": "town", "osm_population": null }, "geometry": { "type": "Point", "coordinates": [ 76.1059713, 31.80677 ] } },
{ "type": "Feature", "properties": { "osm_id": 3066821489, "name": "Dada Siba", "place": "village", "osm_population": null }, "geometry": { "type": "Point", "coordinates": [ 76.0889859, 31.9246675 ] } },
{ "type": "Feature", "properties": { "osm_id": 3066821490, "name": "Dhaliara", "place": "village", "osm_population": null }, "geometry": { "type": "Point", "coordinates": [ 76.1882934, 31.8491416 ] } },
{ "type": "Feature", "properties": { "osm_id": 3066821491, "name": "Jourbar", "place": "village", "osm_population": null }, "geometry": { "type": "Point", "coordinates": [ 76.0548582, 31.8552159 ] } },
{ "type": "Feature", "properties": { "osm_id": 3066821492, "name": "Kotla", "place": "village", "osm_population": null }, "geometry": { "type": "Point", "coordinates": [ 75.9867934, 31.8969901 ] } },
{ "type": "Feature", "properties": { "osm_id": 3066821493, "name": "Nangal Chowk", "place": "village", "osm_population": null }, "geometry": { "type": "Point", "coordinates": [ 76.1034154, 31.9186111 ] } },
{ "type": "Feature", "properties": { "osm_id": 3066839839, "name": "Baroh", "place": "village", "osm_population": null }, "geometry": { "type": "Point", "coordinates": [ 76.3609961, 31.9599424 ] } },
{ "type": "Feature", "properties": { "osm_id": 3066839840, "name": "Jangal", "place": "village", "osm_population": null }, "geometry": { "type": "Point", "coordinates": [ 76.4990148, 31.862354 ] } },
{ "type": "Feature", "properties": { "osm_id": 3066839841, "name": "Sarotri", "place": "village", "osm_population": null }, "geometry": { "type": "Point", "coordinates": [ 76.3255744, 32.0305865 ] } },
{ "type": "Feature", "properties": { "osm_id": 3066887914, "name": "Chandpur", "place": "village", "osm_population": 1520.0 }, "geometry": { "type": "Point", "coordinates": [ 76.5667767, 32.1212582 ] } },
{ "type": "Feature", "properties": { "osm_id": 3066887915, "name": "Dugh", "place": "village", "osm_population": 80.0 }, "geometry": { "type": "Point", "coordinates": [ 76.566738, 32.134715 ] } },
{ "type": "Feature", "properties": { "osm_id": 3066887916, "name": "Kulani", "place": "hamlet", "osm_population": 250.0 }, "geometry": { "type": "Point", "coordinates": [ 76.5771897, 32.136237 ] } },
{ "type": "Feature", "properties": { "osm_id": 3066887917, "name": "Saperu", "place": "village", "osm_population": 3500.0 }, "geometry": { "type": "Point", "coordinates": [ 76.5736539, 32.1228527 ] } },
{ "type": "Feature", "properties": { "osm_id": 3066887918, "name": "Thalla", "place": "village", "osm_population": 1200.0 }, "geometry": { "type": "Point", "coordinates": [ 76.5341575, 32.1483934 ] } },
{ "type": "Feature", "properties": { "osm_id": 3067941615, "name": "Bhattu", "place": "village", "osm_population": null }, "geometry": { "type": "Point", "coordinates": [ 76.6808059, 32.0557495 ] } },
{ "type": "Feature", "properties": { "osm_id": 3067941616, "name": "Panjiala", "place": "village", "osm_population": null }, "geometry": { "type": "Point", "coordinates": [ 76.6780488, 32.0594701 ] } },
{ "type": "Feature", "properties": { "osm_id": 3099119836, "name": "Haripur", "place": "village", "osm_population": null }, "geometry": { "type": "Point", "coordinates": [ 76.1576616, 32.0042906 ] } },
{ "type": "Feature", "properties": { "osm_id": 3099119838, "name": "Shahpur", "place": "village", "osm_population": null }, "geometry": { "type": "Point", "coordinates": [ 76.1759316, 32.2214605 ] } },
{ "type": "Feature", "properties": { "osm_id": 3130810958, "name": "Kandbari", "place": "village", "osm_population": null }, "geometry": { "type": "Point", "coordinates": [ 76.5769503, 32.1135981 ] } },
{ "type": "Feature", "properties": { "osm_id": 3130811532, "name": "Nanahar", "place": "village", "osm_population": null }, "geometry": { "type": "Point", "coordinates": [ 76.5853053, 32.1201331 ] } },
{ "type": "Feature", "properties": { "osm_id": 3147827038, "name": "Chouhla", "place": "village", "osm_population": null }, "geometry": { "type": "Point", "coordinates": [ 76.3361297, 32.2242638 ] } },
{ "type": "Feature", "properties": { "osm_id": 3212278428, "name": "Old Kangra", "place": "suburb", "osm_population": null }, "geometry": { "type": "Point", "coordinates": [ 76.2605419, 32.0897999 ] } },
{ "type": "Feature", "properties": { "osm_id": 3212286007, "name": "Nandrool", "place": "village", "osm_population": null }, "geometry": { "type": "Point", "coordinates": [ 76.2404926, 32.0836152 ] } },
{ "type": "Feature", "properties": { "osm_id": 3212332962, "name": "Kotla", "place": "village", "osm_population": null }, "geometry": { "type": "Point", "coordinates": [ 76.0461063, 32.2386187 ] } },
{ "type": "Feature", "properties": { "osm_id": 3212332963, "name": "Trilokpur", "place": "village", "osm_population": null }, "geometry": { "type": "Point", "coordinates": [ 76.0725991, 32.2319341 ] } },
{ "type": "Feature", "properties": { "osm_id": 3212345782, "name": "Birta", "place": "village", "osm_population": null }, "geometry": { "type": "Point", "coordinates": [ 76.2854793, 32.1213615 ] } },
{ "type": "Feature", "properties": { "osm_id": 3212384075, "name": "Kachhiari", "place": "village", "osm_population": null }, "geometry": { "type": "Point", "coordinates": [ 76.2995559, 32.1130827 ] } },
{ "type": "Feature", "properties": { "osm_id": 3212402616, "name": "Tanda", "place": "village", "osm_population": null }, "geometry": { "type": "Point", "coordinates": [ 76.3062079, 32.1029434 ] } },
{ "type": "Feature", "properties": { "osm_id": 3282689995, "name": "Banordu", "place": "village", "osm_population": null }, "geometry": { "type": "Point", "coordinates": [ 76.3675386, 32.1717023 ] } },
{ "type": "Feature", "properties": { "osm_id": 3526297704, "name": "Kareri", "place": "village", "osm_population": null }, "geometry": { "type": "Point", "coordinates": [ 76.2802137, 32.2802168 ] } },
{ "type": "Feature", "properties": { "osm_id": 3526463274, "name": "Nora", "place": "village", "osm_population": null }, "geometry": { "type": "Point", "coordinates": [ 76.290738, 32.2695385 ] } },
{ "type": "Feature", "properties": { "osm_id": 3557392998, "name": "Ghatta", "place": "village", "osm_population": null }, "geometry": { "type": "Point", "coordinates": [ 76.378112, 31.9133471 ] } },
{ "type": "Feature", "properties": { "osm_id": 3557429098, "name": "Nagni", "place": "village", "osm_population": null }, "geometry": { "type": "Point", "coordinates": [ 76.3755188, 31.9127833 ] } },
{ "type": "Feature", "properties": { "osm_id": 3634395711, "name": "Garli", "place": "village", "osm_population": null }, "geometry": { "type": "Point", "coordinates": [ 76.2354769, 31.8085947 ] } },
{ "type": "Feature", "properties": { "osm_id": 3634395712, "name": "Pragpur", "place": "village", "osm_population": null }, "geometry": { "type": "Point", "coordinates": [ 76.2110314, 31.8220224 ] } },
{ "type": "Feature", "properties": { "osm_id": 3985581012, "name": "Goral Dhar", "place": "village", "osm_population": null }, "geometry": { "type": "Point", "coordinates": [ 76.0224639, 31.8676988 ] } },
{ "type": "Feature", "properties": { "osm_id": 3985581013, "name": "Niar", "place": "village", "osm_population": null }, "geometry": { "type": "Point", "coordinates": [ 76.0532863, 31.8638056 ] } },
{ "type": "Feature", "properties": { "osm_id": 3985581014, "name": "Paplothar", "place": "village", "osm_population": null }, "geometry": { "type": "Point", "coordinates": [ 76.0451205, 31.8713565 ] } },
{ "type": "Feature", "properties": { "osm_id": 3985581015, "name": "Pati", "place": "village", "osm_population": null }, "geometry": { "type": "Point", "coordinates": [ 76.016899, 31.8766394 ] } },
{ "type": "Feature", "properties": { "osm_id": 3985581016, "name": "Suneht", "place": "village", "osm_population": null }, "geometry": { "type": "Point", "coordinates": [ 76.028347, 31.8758478 ] } },
{ "type": "Feature", "properties": { "osm_id": 4246084337, "name": "Kotli", "place": "village", "osm_population": null }, "geometry": { "type": "Point", "coordinates": [ 76.7261773, 32.0376333 ] } },
{ "type": "Feature", "properties": { "osm_id": 4260517151, "name": "Barwala", "place": "village", "osm_population": 176053.0 }, "geometry": { "type": "Point", "coordinates": [ 76.3464517, 32.1619154 ] } },
{ "type": "Feature", "properties": { "osm_id": 4280992256, "name": "Karahpura", "place": "village", "osm_population": null }, "geometry": { "type": "Point", "coordinates": [ 76.3617286, 32.1513941 ] } },
{ "type": "Feature", "properties": { "osm_id": 4280992257, "name": "Jheol", "place": "village", "osm_population": null }, "geometry": { "type": "Point", "coordinates": [ 76.337359, 32.152429 ] } },
{ "type": "Feature", "properties": { "osm_id": 4280996563, "name": "Diktu", "place": "village", "osm_population": null }, "geometry": { "type": "Point", "coordinates": [ 76.346332, 32.1544055 ] } },
{ "type": "Feature", "properties": { "osm_id": 4285958710, "name": "Khirku", "place": "village", "osm_population": 200.0 }, "geometry": { "type": "Point", "coordinates": [ 76.4025535, 32.1861871 ] } },
{ "type": "Feature", "properties": { "osm_id": 4291517404, "name": "Sheela", "place": "village", "osm_population": null }, "geometry": { "type": "Point", "coordinates": [ 76.323738, 32.1792229 ] } },
{ "type": "Feature", "properties": { "osm_id": 4294168994, "name": "Thedu", "place": "hamlet", "osm_population": null }, "geometry": { "type": "Point", "coordinates": [ 76.3784218, 32.1976887 ] } },
{ "type": "Feature", "properties": { "osm_id": 4329228090, "name": "Utrala", "place": "village", "osm_population": null }, "geometry": { "type": "Point", "coordinates": [ 76.6482397, 32.1053437 ] } },
{ "type": "Feature", "properties": { "osm_id": 4329589342, "name": "Lot", "place": "village", "osm_population": null }, "geometry": { "type": "Point", "coordinates": [ 76.632391, 32.1050383 ] } },
{ "type": "Feature", "properties": { "osm_id": 4765077667, "name": "Shakri", "place": "hamlet", "osm_population": null }, "geometry": { "type": "Point", "coordinates": [ 76.104957, 32.0629453 ] } },
{ "type": "Feature", "properties": { "osm_id": 4765077668, "name": "Nagrota", "place": "village", "osm_population": null }, "geometry": { "type": "Point", "coordinates": [ 76.0899795, 32.0571988 ] } },
{ "type": "Feature", "properties": { "osm_id": 4765077669, "name": "Amlela", "place": "village", "osm_population": null }, "geometry": { "type": "Point", "coordinates": [ 76.1004079, 32.0802373 ] } },
{ "type": "Feature", "properties": { "osm_id": 4765077670, "name": "Lalpur", "place": "hamlet", "osm_population": null }, "geometry": { "type": "Point", "coordinates": [ 76.1453832, 32.0883276 ] } },
{ "type": "Feature", "properties": { "osm_id": 4765077671, "name": "Dadoli", "place": "hamlet", "osm_population": null }, "geometry": { "type": "Point", "coordinates": [ 76.1686433, 32.0783646 ] } },
{ "type": "Feature", "properties": { "osm_id": 4768420435, "name": "Daulatpur", "place": "village", "osm_population": null }, "geometry": { "type": "Point", "coordinates": [ 76.2583066, 32.0553608 ] } },
{ "type": "Feature", "properties": { "osm_id": 4854689795, "name": "Chaugan", "place": "village", "osm_population": null }, "geometry": { "type": "Point", "coordinates": [ 76.7211583, 32.0355926 ] } },
{ "type": "Feature", "properties": { "osm_id": 4854713551, "name": "Bir", "place": "village", "osm_population": null }, "geometry": { "type": "Point", "coordinates": [ 76.7255115, 32.0445234 ] } },
{ "type": "Feature", "properties": { "osm_id": 4855596836, "name": "Suja", "place": "village", "osm_population": null }, "geometry": { "type": "Point", "coordinates": [ 76.7011356, 32.0448872 ] } },
{ "type": "Feature", "properties": { "osm_id": 4857516267, "name": "Alhilal Cantonment", "place": "suburb", "osm_population": null }, "geometry": { "type": "Point", "coordinates": [ 76.6127305, 32.0645347 ] } },
{ "type": "Feature", "properties": { "osm_id": 4857517209, "name": "Tashi Jong", "place": "village", "osm_population": null }, "geometry": { "type": "Point", "coordinates": [ 76.6247403, 32.07419 ] } },
{ "type": "Feature", "properties": { "osm_id": 4859345930, "name": "Rajehr", "place": "village", "osm_population": null }, "geometry": { "type": "Point", "coordinates": [ 76.5982214, 32.1118685 ] } },
{ "type": "Feature", "properties": { "osm_id": 4859345946, "name": "Gawal Tikkar", "place": "village", "osm_population": null }, "geometry": { "type": "Point", "coordinates": [ 76.6138211, 32.1059796 ] } },
{ "type": "Feature", "properties": { "osm_id": 5062332223, "name": "Kaned", "place": "village", "osm_population": null }, "geometry": { "type": "Point", "coordinates": [ 76.3391232, 32.1676753 ] } },
{ "type": "Feature", "properties": { "osm_id": 5062332229, "name": "Sukkar", "place": "village", "osm_population": null }, "geometry": { "type": "Point", "coordinates": [ 76.329415, 32.1737247 ] } },
{ "type": "Feature", "properties": { "osm_id": 5245663515, "name": "Khari Malan", "place": "hamlet", "osm_population": null }, "geometry": { "type": "Point", "coordinates": [ 76.8608773, 32.0773248 ] } },
{ "type": "Feature", "properties": { "osm_id": 5245663517, "name": "Jadhar", "place": "hamlet", "osm_population": null }, "geometry": { "type": "Point", "coordinates": [ 76.8459749, 32.0778611 ] } },
{ "type": "Feature", "properties": { "osm_id": 5245663519, "name": "Lubhai", "place": "hamlet", "osm_population": null }, "geometry": { "type": "Point", "coordinates": [ 76.8561029, 32.0583183 ] } },
{ "type": "Feature", "properties": { "osm_id": 5245663520, "name": "Deot", "place": "hamlet", "osm_population": null }, "geometry": { "type": "Point", "coordinates": [ 76.8235302, 32.0534262 ] } },
{ "type": "Feature", "properties": { "osm_id": 5245663521, "name": "Sangerh", "place": "hamlet", "osm_population": null }, "geometry": { "type": "Point", "coordinates": [ 76.8231439, 32.0563542 ] } },
{ "type": "Feature", "properties": { "osm_id": 5245663522, "name": "Sarman", "place": "hamlet", "osm_population": null }, "geometry": { "type": "Point", "coordinates": [ 76.8232727, 32.0596094 ] } },
{ "type": "Feature", "properties": { "osm_id": 5245663523, "name": "Dharman", "place": "hamlet", "osm_population": null }, "geometry": { "type": "Point", "coordinates": [ 76.8154406, 32.0636647 ] } },
{ "type": "Feature", "properties": { "osm_id": 5245663524, "name": "Napotha", "place": "hamlet", "osm_population": null }, "geometry": { "type": "Point", "coordinates": [ 76.8615103, 32.0660468 ] } },
{ "type": "Feature", "properties": { "osm_id": 5245663525, "name": "Andarli Malahn", "place": "hamlet", "osm_population": null }, "geometry": { "type": "Point", "coordinates": [ 76.8670624, 32.073361 ] } },
{ "type": "Feature", "properties": { "osm_id": 5477256899, "name": "Niar", "place": "village", "osm_population": 150.0 }, "geometry": { "type": "Point", "coordinates": [ 76.4789492, 32.1096743 ] } },
{ "type": "Feature", "properties": { "osm_id": 5478903379, "name": "Thill", "place": "village", "osm_population": null }, "geometry": { "type": "Point", "coordinates": [ 76.3870735, 31.9551591 ] } },
{ "type": "Feature", "properties": { "osm_id": 5478912645, "name": "Gharana", "place": "village", "osm_population": null }, "geometry": { "type": "Point", "coordinates": [ 76.42824, 31.9523189 ] } },
{ "type": "Feature", "properties": { "osm_id": 5543080299, "name": "Purba", "place": "village", "osm_population": null }, "geometry": { "type": "Point", "coordinates": [ 76.4485458, 31.9663721 ] } },
{ "type": "Feature", "properties": { "osm_id": 5543080306, "name": "Panhar", "place": "hamlet", "osm_population": null }, "geometry": { "type": "Point", "coordinates": [ 76.41715, 31.9450685 ] } },
{ "type": "Feature", "properties": { "osm_id": 5543080317, "name": "Danhun", "place": "hamlet", "osm_population": null }, "geometry": { "type": "Point", "coordinates": [ 76.4332963, 31.9490378 ] } },
{ "type": "Feature", "properties": { "osm_id": 5543080318, "name": "Purba Chowk", "place": "village", "osm_population": null }, "geometry": { "type": "Point", "coordinates": [ 76.4418687, 31.9608808 ] } },
{ "type": "Feature", "properties": { "osm_id": 5543080319, "name": "Danai", "place": "hamlet", "osm_population": null }, "geometry": { "type": "Point", "coordinates": [ 76.4382745, 31.9532531 ] } },
{ "type": "Feature", "properties": { "osm_id": 5543080320, "name": "Nagni", "place": "village", "osm_population": null }, "geometry": { "type": "Point", "coordinates": [ 76.4646176, 31.9782307 ] } },
{ "type": "Feature", "properties": { "osm_id": 5543098205, "name": "Baag", "place": "village", "osm_population": null }, "geometry": { "type": "Point", "coordinates": [ 76.4450236, 31.9549958 ] } },
{ "type": "Feature", "properties": { "osm_id": 5654434629, "name": "salri", "place": "village", "osm_population": 250.0 }, "geometry": { "type": "Point", "coordinates": [ 76.5062034, 32.0647466 ] } },
{ "type": "Feature", "properties": { "osm_id": 5681761322, "name": "Bal", "place": "hamlet", "osm_population": 100.0 }, "geometry": { "type": "Point", "coordinates": [ 76.3140499, 32.2590023 ] } },
{ "type": "Feature", "properties": { "osm_id": 5682204039, "name": "Kharti", "place": "village", "osm_population": 850.0 }, "geometry": { "type": "Point", "coordinates": [ 76.4570761, 32.1649143 ] } },
{ "type": "Feature", "properties": { "osm_id": 5682206817, "name": "Chamira", "place": "village", "osm_population": null }, "geometry": { "type": "Point", "coordinates": [ 76.2604594, 32.2502467 ] } },
{ "type": "Feature", "properties": { "osm_id": 5682206818, "name": "Duli", "place": "village", "osm_population": null }, "geometry": { "type": "Point", "coordinates": [ 76.2435722, 32.2628582 ] } },
{ "type": "Feature", "properties": { "osm_id": 6001430210, "name": "Motli", "place": "village", "osm_population": null }, "geometry": { "type": "Point", "coordinates": [ 75.668292, 32.2168314 ] } },
{ "type": "Feature", "properties": { "osm_id": 6001430401, "name": "Indora", "place": "village", "osm_population": null }, "geometry": { "type": "Point", "coordinates": [ 75.6900501, 32.1379 ] } },
{ "type": "Feature", "properties": { "osm_id": 6001430448, "name": "Kathgarh", "place": "village", "osm_population": null }, "geometry": { "type": "Point", "coordinates": [ 75.63838, 32.1169479 ] } },
{ "type": "Feature", "properties": { "osm_id": 6001430680, "name": "Sheikhupur", "place": "village", "osm_population": null }, "geometry": { "type": "Point", "coordinates": [ 75.6649661, 32.1842845 ] } },
{ "type": "Feature", "properties": { "osm_id": 6005653572, "name": "Sulial", "place": "village", "osm_population": null }, "geometry": { "type": "Point", "coordinates": [ 75.8835125, 32.3743618 ] } },
{ "type": "Feature", "properties": { "osm_id": 6236278153, "name": "Keori", "place": "village", "osm_population": null }, "geometry": { "type": "Point", "coordinates": [ 76.7098743, 32.0468334 ] } },
{ "type": "Feature", "properties": { "osm_id": 6250077261, "name": "Tang Upper", "place": "village", "osm_population": null }, "geometry": { "type": "Point", "coordinates": [ 76.4068168, 32.1803936 ] } },
{ "type": "Feature", "properties": { "osm_id": 6298660104, "name": "Chakol", "place": "village", "osm_population": null }, "geometry": { "type": "Point", "coordinates": [ 76.6421126, 32.0206726 ] } },
{ "type": "Feature", "properties": { "osm_id": 6299457762, "name": "Bari", "place": "hamlet", "osm_population": null }, "geometry": { "type": "Point", "coordinates": [ 76.7162594, 32.0518483 ] } },
{ "type": "Feature", "properties": { "osm_id": 6365088698, "name": "Sukkad", "place": "village", "osm_population": null }, "geometry": { "type": "Point", "coordinates": [ 76.337073, 32.1765691 ] } },
{ "type": "Feature", "properties": { "osm_id": 6404384297, "name": "Sandral", "place": "village", "osm_population": null }, "geometry": { "type": "Point", "coordinates": [ 76.693447, 32.0474577 ] } },
{ "type": "Feature", "properties": { "osm_id": 6407946528, "name": "Deol", "place": "village", "osm_population": null }, "geometry": { "type": "Point", "coordinates": [ 76.6620987, 32.1014086 ] } },
{ "type": "Feature", "properties": { "osm_id": 6459141384, "name": "Taragadh", "place": "village", "osm_population": null }, "geometry": { "type": "Point", "coordinates": [ 76.6199446, 32.0644968 ] } },
{ "type": "Feature", "properties": { "osm_id": 6464425500, "name": "Gharnala", "place": "hamlet", "osm_population": null }, "geometry": { "type": "Point", "coordinates": [ 76.7135355, 32.0584046 ] } },
{ "type": "Feature", "properties": { "osm_id": 6500219707, "name": "Bagalamukhi", "place": "town", "osm_population": null }, "geometry": { "type": "Point", "coordinates": [ 76.2049117, 31.9679114 ] } },
{ "type": "Feature", "properties": { "osm_id": 6500990886, "name": "Samela", "place": "village", "osm_population": null }, "geometry": { "type": "Point", "coordinates": [ 76.2572921, 32.0801583 ] } },
{ "type": "Feature", "properties": { "osm_id": 6500990892, "name": "Bagli", "place": "village", "osm_population": null }, "geometry": { "type": "Point", "coordinates": [ 76.296819, 32.1541182 ] } },
{ "type": "Feature", "properties": { "osm_id": 6506204077, "name": "Saranu", "place": "hamlet", "osm_population": null }, "geometry": { "type": "Point", "coordinates": [ 76.1902769, 32.2049545 ] } },
{ "type": "Feature", "properties": { "osm_id": 6506204079, "name": "Puhada", "place": "hamlet", "osm_population": null }, "geometry": { "type": "Point", "coordinates": [ 76.194155, 32.2017461 ] } },
{ "type": "Feature", "properties": { "osm_id": 6506250692, "name": "Jaanta", "place": "village", "osm_population": null }, "geometry": { "type": "Point", "coordinates": [ 76.0214998, 32.2569037 ] } },
{ "type": "Feature", "properties": { "osm_id": 6506366630, "name": "Raja ka Bagh", "place": "village", "osm_population": null }, "geometry": { "type": "Point", "coordinates": [ 75.8232577, 32.2768078 ] } },
{ "type": "Feature", "properties": { "osm_id": 6506366631, "name": "Baud", "place": "town", "osm_population": null }, "geometry": { "type": "Point", "coordinates": [ 75.8676871, 32.2851075 ] } },
{ "type": "Feature", "properties": { "osm_id": 6512444723, "name": "Karadiyana", "place": "hamlet", "osm_population": 150.0 }, "geometry": { "type": "Point", "coordinates": [ 76.4344197, 32.1657005 ] } },
{ "type": "Feature", "properties": { "osm_id": 6512444948, "name": "Kasba Narwana", "place": "village", "osm_population": null }, "geometry": { "type": "Point", "coordinates": [ 76.3957657, 32.1840756 ] } },
{ "type": "Feature", "properties": { "osm_id": 6512444949, "name": "Bagiyada", "place": "village", "osm_population": null }, "geometry": { "type": "Point", "coordinates": [ 76.4204522, 32.1733119 ] } },
{ "type": "Feature", "properties": { "osm_id": 6512445096, "name": "Jule", "place": "hamlet", "osm_population": null }, "geometry": { "type": "Point", "coordinates": [ 76.4426241, 32.165809 ] } },
{ "type": "Feature", "properties": { "osm_id": 6512445097, "name": "Salig", "place": "village", "osm_population": null }, "geometry": { "type": "Point", "coordinates": [ 76.4163853, 32.1844461 ] } },
{ "type": "Feature", "properties": { "osm_id": 6512445185, "name": "Narwana Khas", "place": "village", "osm_population": null }, "geometry": { "type": "Point", "coordinates": [ 76.3941805, 32.1774539 ] } },
{ "type": "Feature", "properties": { "osm_id": 6512801372, "name": "Jia", "place": "village", "osm_population": null }, "geometry": { "type": "Point", "coordinates": [ 76.4575106, 32.1582841 ] } },
{ "type": "Feature", "properties": { "osm_id": 6550674149, "name": "Kalholi", "place": "village", "osm_population": null }, "geometry": { "type": "Point", "coordinates": [ 76.671703, 32.0877176 ] } },
{ "type": "Feature", "properties": { "osm_id": 6550680631, "name": "Uparli Nagun", "place": "hamlet", "osm_population": null }, "geometry": { "type": "Point", "coordinates": [ 76.6670658, 32.0746175 ] } },
{ "type": "Feature", "properties": { "osm_id": 6555890348, "name": "Berli", "place": "hamlet", "osm_population": null }, "geometry": { "type": "Point", "coordinates": [ 76.301293, 32.2711403 ] } },
{ "type": "Feature", "properties": { "osm_id": 6557000847, "name": "Chelrandi Malahn", "place": "hamlet", "osm_population": null }, "geometry": { "type": "Point", "coordinates": [ 76.8048298, 32.074452 ] } },
{ "type": "Feature", "properties": { "osm_id": 6563508545, "name": "Bhadwal", "place": "village", "osm_population": null }, "geometry": { "type": "Point", "coordinates": [ 76.3076162, 32.1447217 ] } },
{ "type": "Feature", "properties": { "osm_id": 6563530460, "name": "Mandal", "place": "village", "osm_population": null }, "geometry": { "type": "Point", "coordinates": [ 76.3139209, 32.1525139 ] } },
{ "type": "Feature", "properties": { "osm_id": 6580804834, "name": "Katuin", "place": "hamlet", "osm_population": null }, "geometry": { "type": "Point", "coordinates": [ 76.5872749, 32.1246947 ] } },
{ "type": "Feature", "properties": { "osm_id": 6580821157, "name": "Kembli", "place": "hamlet", "osm_population": null }, "geometry": { "type": "Point", "coordinates": [ 76.3888938, 32.2281066 ] } },
{ "type": "Feature", "properties": { "osm_id": 6591320775, "name": "Dharer", "place": "village", "osm_population": null }, "geometry": { "type": "Point", "coordinates": [ 76.6713228, 32.0813969 ] } },
{ "type": "Feature", "properties": { "osm_id": 6591333826, "name": "Sehal", "place": "village", "osm_population": null }, "geometry": { "type": "Point", "coordinates": [ 76.6574407, 32.0606227 ] } },
{ "type": "Feature", "properties": { "osm_id": 6591335865, "name": "Hared", "place": "village", "osm_population": null }, "geometry": { "type": "Point", "coordinates": [ 76.6540568, 32.083872 ] } },
{ "type": "Feature", "properties": { "osm_id": 6591851722, "name": "unnamed_6591851722", "place": "hamlet", "osm_population": null }, "geometry": { "type": "Point", "coordinates": [ 76.6337317, 32.113154 ] } },
{ "type": "Feature", "properties": { "osm_id": 6591851723, "name": "unnamed_6591851723", "place": "hamlet", "osm_population": null }, "geometry": { "type": "Point", "coordinates": [ 76.6359472, 32.1133812 ] } },
{ "type": "Feature", "properties": { "osm_id": 6591851732, "name": "unnamed_6591851732", "place": "hamlet", "osm_population": null }, "geometry": { "type": "Point", "coordinates": [ 76.6312587, 32.1131176 ] } },
{ "type": "Feature", "properties": { "osm_id": 6591851806, "name": "unnamed_6591851806", "place": "hamlet", "osm_population": null }, "geometry": { "type": "Point", "coordinates": [ 76.6294616, 32.1155439 ] } },
{ "type": "Feature", "properties": { "osm_id": 6782138761, "name": "Polling", "place": "village", "osm_population": null }, "geometry": { "type": "Point", "coordinates": [ 76.8564098, 32.0922847 ] } },
{ "type": "Feature", "properties": { "osm_id": 6782140352, "name": "Lohardi", "place": "village", "osm_population": null }, "geometry": { "type": "Point", "coordinates": [ 76.858395, 32.075703 ] } },
{ "type": "Feature", "properties": { "osm_id": 6916399648, "name": "Langhu", "place": "village", "osm_population": null }, "geometry": { "type": "Point", "coordinates": [ 76.6279468, 32.0120857 ] } },
{ "type": "Feature", "properties": { "osm_id": 6916406416, "name": "Mahal Patt", "place": "hamlet", "osm_population": null }, "geometry": { "type": "Point", "coordinates": [ 76.633747, 32.0239713 ] } },
{ "type": "Feature", "properties": { "osm_id": 7092744637, "name": "Rakkar", "place": "village", "osm_population": null }, "geometry": { "type": "Point", "coordinates": [ 76.2437117, 31.7817454 ] } },
{ "type": "Feature", "properties": { "osm_id": 7092796139, "name": "Khundian", "place": "village", "osm_population": null }, "geometry": { "type": "Point", "coordinates": [ 76.38206, 31.9096035 ] } },
{ "type": "Feature", "properties": { "osm_id": 7092796140, "name": "Dhira", "place": "village", "osm_population": null }, "geometry": { "type": "Point", "coordinates": [ 76.3931644, 32.0112874 ] } },
{ "type": "Feature", "properties": { "osm_id": 7092796141, "name": "Baroh", "place": "village", "osm_population": null }, "geometry": { "type": "Point", "coordinates": [ 76.3134813, 31.9981498 ] } },
{ "type": "Feature", "properties": { "osm_id": 7092796142, "name": "Harchakian", "place": "village", "osm_population": null }, "geometry": { "type": "Point", "coordinates": [ 76.1002028, 32.1502364 ] } },
{ "type": "Feature", "properties": { "osm_id": 7092801103, "name": "Jaisinghpur", "place": "village", "osm_population": null }, "geometry": { "type": "Point", "coordinates": [ 76.5989542, 31.8988469 ] } },
{ "type": "Feature", "properties": { "osm_id": 7574003399, "name": "Haini", "place": "village", "osm_population": null }, "geometry": { "type": "Point", "coordinates": [ 76.329979, 32.2506269 ] } },
{ "type": "Feature", "properties": { "osm_id": 7890572950, "name": "unnamed_7890572950", "place": "hamlet", "osm_population": null }, "geometry": { "type": "Point", "coordinates": [ 76.291573, 32.2721841 ] } },
{ "type": "Feature", "properties": { "osm_id": 7890572952, "name": "Khari Behi", "place": "hamlet", "osm_population": null }, "geometry": { "type": "Point", "coordinates": [ 76.2915248, 32.2750416 ] } },
{ "type": "Feature", "properties": { "osm_id": 7890572953, "name": "Ah Got", "place": "hamlet", "osm_population": null }, "geometry": { "type": "Point", "coordinates": [ 76.2925172, 32.2791326 ] } },
{ "type": "Feature", "properties": { "osm_id": 7890572955, "name": "Galu", "place": "hamlet", "osm_population": null }, "geometry": { "type": "Point", "coordinates": [ 76.3179231, 32.2615064 ] } },
{ "type": "Feature", "properties": { "osm_id": 7890572961, "name": "Upper Gathri", "place": "hamlet", "osm_population": null }, "geometry": { "type": "Point", "coordinates": [ 76.3012612, 32.2627039 ] } },
{ "type": "Feature", "properties": { "osm_id": 7890572962, "name": "Sao", "place": "hamlet", "osm_population": null }, "geometry": { "type": "Point", "coordinates": [ 76.2977958, 32.2618965 ] } },
{ "type": "Feature", "properties": { "osm_id": 7890572964, "name": "Barnet", "place": "hamlet", "osm_population": null }, "geometry": { "type": "Point", "coordinates": [ 76.2846637, 32.253132 ] } },
{ "type": "Feature", "properties": { "osm_id": 7890572965, "name": "Ser", "place": "hamlet", "osm_population": null }, "geometry": { "type": "Point", "coordinates": [ 76.2622189, 32.260463 ] } },
{ "type": "Feature", "properties": { "osm_id": 7890572968, "name": "Bhalun", "place": "hamlet", "osm_population": null }, "geometry": { "type": "Point", "coordinates": [ 76.2656092, 32.2648359 ] } },
{ "type": "Feature", "properties": { "osm_id": 7890572970, "name": "Mawa", "place": "hamlet", "osm_population": null }, "geometry": { "type": "Point", "coordinates": [ 76.2655234, 32.2728917 ] } },
{ "type": "Feature", "properties": { "osm_id": 7890572971, "name": "Bhatti", "place": "hamlet", "osm_population": null }, "geometry": { "type": "Point", "coordinates": [ 76.2547195, 32.2782981 ] } },
{ "type": "Feature", "properties": { "osm_id": 7908474707, "name": "Pukhru", "place": "hamlet", "osm_population": null }, "geometry": { "type": "Point", "coordinates": [ 76.1639964, 32.3081997 ] } },
{ "type": "Feature", "properties": { "osm_id": 7908527083, "name": "Mankot", "place": "hamlet", "osm_population": null }, "geometry": { "type": "Point", "coordinates": [ 76.0074305, 32.2736174 ] } },
{ "type": "Feature", "properties": { "osm_id": 7908530685, "name": "Hatti", "place": "hamlet", "osm_population": null }, "geometry": { "type": "Point", "coordinates": [ 76.0079241, 32.2695896 ] } },
{ "type": "Feature", "properties": { "osm_id": 7908530686, "name": "Mankot", "place": "hamlet", "osm_population": null }, "geometry": { "type": "Point", "coordinates": [ 76.010735, 32.2637473 ] } },
{ "type": "Feature", "properties": { "osm_id": 7908530687, "name": "Hangera", "place": "hamlet", "osm_population": null }, "geometry": { "type": "Point", "coordinates": [ 75.9994483, 32.2878038 ] } },
{ "type": "Feature", "properties": { "osm_id": 7908530688, "name": "Chho", "place": "hamlet", "osm_population": null }, "geometry": { "type": "Point", "coordinates": [ 76.0024738, 32.2827245 ] } },
{ "type": "Feature", "properties": { "osm_id": 7908530689, "name": "Jonth", "place": "hamlet", "osm_population": null }, "geometry": { "type": "Point", "coordinates": [ 76.0024953, 32.2779715 ] } },
{ "type": "Feature", "properties": { "osm_id": 7908530690, "name": "Dhumin", "place": "hamlet", "osm_population": null }, "geometry": { "type": "Point", "coordinates": [ 76.0148763, 32.254366 ] } },
{ "type": "Feature", "properties": { "osm_id": 7908530691, "name": "Balla", "place": "hamlet", "osm_population": null }, "geometry": { "type": "Point", "coordinates": [ 76.0351109, 32.2545475 ] } },
{ "type": "Feature", "properties": { "osm_id": 7908530692, "name": "Badehr", "place": "hamlet", "osm_population": null }, "geometry": { "type": "Point", "coordinates": [ 76.0392093, 32.2618965 ] } },
{ "type": "Feature", "properties": { "osm_id": 7908530693, "name": "Dhar", "place": "hamlet", "osm_population": null }, "geometry": { "type": "Point", "coordinates": [ 76.0623836, 32.2575598 ] } },
{ "type": "Feature", "properties": { "osm_id": 7908530694, "name": "Bhlun", "place": "hamlet", "osm_population": null }, "geometry": { "type": "Point", "coordinates": [ 76.0536074, 32.2588844 ] } },
{ "type": "Feature", "properties": { "osm_id": 7908530695, "name": "Solda", "place": "hamlet", "osm_population": null }, "geometry": { "type": "Point", "coordinates": [ 76.0544336, 32.2524334 ] } },
{ "type": "Feature", "properties": { "osm_id": 7908530709, "name": "Kharandar", "place": "hamlet", "osm_population": null }, "geometry": { "type": "Point", "coordinates": [ 76.147989, 32.3167503 ] } },
{ "type": "Feature", "properties": { "osm_id": 7908530713, "name": "Boh", "place": "village", "osm_population": null }, "geometry": { "type": "Point", "coordinates": [ 76.179249, 32.3061572 ] } },
{ "type": "Feature", "properties": { "osm_id": 7908530714, "name": "Supiara", "place": "hamlet", "osm_population": null }, "geometry": { "type": "Point", "coordinates": [ 76.1838019, 32.3152452 ] } },
{ "type": "Feature", "properties": { "osm_id": 7908530715, "name": "Morcha", "place": "hamlet", "osm_population": null }, "geometry": { "type": "Point", "coordinates": [ 76.1934793, 32.3200234 ] } },
{ "type": "Feature", "properties": { "osm_id": 7908760366, "name": "Basa Bhwar", "place": "hamlet", "osm_population": null }, "geometry": { "type": "Point", "coordinates": [ 76.0790777, 32.2504645 ] } },
{ "type": "Feature", "properties": { "osm_id": 7908760367, "name": "Mangal", "place": "hamlet", "osm_population": null }, "geometry": { "type": "Point", "coordinates": [ 76.0747647, 32.2540757 ] } },
{ "type": "Feature", "properties": { "osm_id": 7908760368, "name": "Gadarra", "place": "hamlet", "osm_population": null }, "geometry": { "type": "Point", "coordinates": [ 76.1767637, 32.2917491 ] } },
{ "type": "Feature", "properties": { "osm_id": 7908760369, "name": "Kathla", "place": "hamlet", "osm_population": null }, "geometry": { "type": "Point", "coordinates": [ 76.1607671, 32.2917401 ] } },
{ "type": "Feature", "properties": { "osm_id": 7908760371, "name": "unnamed_7908760371", "place": "hamlet", "osm_population": null }, "geometry": { "type": "Point", "coordinates": [ 76.1683845, 32.2802755 ] } },
{ "type": "Feature", "properties": { "osm_id": 7908760379, "name": "Khariri", "place": "hamlet", "osm_population": null }, "geometry": { "type": "Point", "coordinates": [ 76.1979639, 32.2514353 ] } },
{ "type": "Feature", "properties": { "osm_id": 7908760380, "name": "Tal", "place": "hamlet", "osm_population": null }, "geometry": { "type": "Point", "coordinates": [ 76.2064504, 32.2597917 ] } },
{ "type": "Feature", "properties": { "osm_id": 7908760381, "name": "Kutharan", "place": "hamlet", "osm_population": null }, "geometry": { "type": "Point", "coordinates": [ 76.2467909, 32.2826883 ] } },
{ "type": "Feature", "properties": { "osm_id": 7908760382, "name": "Kakra", "place": "hamlet", "osm_population": null }, "geometry": { "type": "Point", "coordinates": [ 76.2392378, 32.2686643 ] } },
{ "type": "Feature", "properties": { "osm_id": 7908760384, "name": "Bhaler", "place": "hamlet", "osm_population": null }, "geometry": { "type": "Point", "coordinates": [ 76.214776, 32.2728373 ] } },
{ "type": "Feature", "properties": { "osm_id": 7908760386, "name": "Kanol", "place": "hamlet", "osm_population": null }, "geometry": { "type": "Point", "coordinates": [ 76.2324142, 32.2937898 ] } },
{ "type": "Feature", "properties": { "osm_id": 7908760388, "name": "Lag", "place": "hamlet", "osm_population": null }, "geometry": { "type": "Point", "coordinates": [ 76.218338, 32.2959119 ] } },
{ "type": "Feature", "properties": { "osm_id": 7908760392, "name": "Drini Khurri", "place": "hamlet", "osm_population": null }, "geometry": { "type": "Point", "coordinates": [ 76.1842418, 32.2774998 ] } },
{ "type": "Feature", "properties": { "osm_id": 7908760393, "name": "Hatbar", "place": "hamlet", "osm_population": null }, "geometry": { "type": "Point", "coordinates": [ 76.1811518, 32.2801667 ] } },
{ "type": "Feature", "properties": { "osm_id": 7908760396, "name": "Theru", "place": "hamlet", "osm_population": null }, "geometry": { "type": "Point", "coordinates": [ 76.1725259, 32.2634207 ] } },
{ "type": "Feature", "properties": { "osm_id": 7908760398, "name": "Luharka", "place": "hamlet", "osm_population": null }, "geometry": { "type": "Point", "coordinates": [ 76.2030923, 32.2862619 ] } },
{ "type": "Feature", "properties": { "osm_id": 7908760399, "name": "Kirakmarh", "place": "hamlet", "osm_population": null }, "geometry": { "type": "Point", "coordinates": [ 76.1983019, 32.2848107 ] } },
{ "type": "Feature", "properties": { "osm_id": 7908760400, "name": "Hadal", "place": "hamlet", "osm_population": null }, "geometry": { "type": "Point", "coordinates": [ 76.1897564, 32.2857359 ] } },
{ "type": "Feature", "properties": { "osm_id": 7908760401, "name": "Diba", "place": "hamlet", "osm_population": null }, "geometry": { "type": "Point", "coordinates": [ 76.1897135, 32.2917219 ] } },
{ "type": "Feature", "properties": { "osm_id": 7908876676, "name": "Sihunta", "place": "hamlet", "osm_population": null }, "geometry": { "type": "Point", "coordinates": [ 76.0720932, 32.2694173 ] } },
{ "type": "Feature", "properties": { "osm_id": 7908876677, "name": "Khariari", "place": "hamlet", "osm_population": null }, "geometry": { "type": "Point", "coordinates": [ 76.0654628, 32.2680021 ] } },
{ "type": "Feature", "properties": { "osm_id": 7908876678, "name": "Dhar", "place": "hamlet", "osm_population": null }, "geometry": { "type": "Point", "coordinates": [ 76.058253, 32.260082 ] } },
{ "type": "Feature", "properties": { "osm_id": 7908876679, "name": "Bhatka", "place": "hamlet", "osm_population": null }, "geometry": { "type": "Point", "coordinates": [ 76.0579848, 32.2684829 ] } },
{ "type": "Feature", "properties": { "osm_id": 7954600359, "name": "Dhakrehr", "place": "hamlet", "osm_population": null }, "geometry": { "type": "Point", "coordinates": [ 76.511836, 32.0443689 ] } },
{ "type": "Feature", "properties": { "osm_id": 7954600360, "name": "Thalehr", "place": "hamlet", "osm_population": null }, "geometry": { "type": "Point", "coordinates": [ 76.5017938, 32.0467333 ] } },
{ "type": "Feature", "properties": { "osm_id": 7954600361, "name": "Bhati", "place": "hamlet", "osm_population": null }, "geometry": { "type": "Point", "coordinates": [ 76.5038538, 32.0427683 ] } },
{ "type": "Feature", "properties": { "osm_id": 7954600362, "name": "Samlena", "place": "hamlet", "osm_population": null }, "geometry": { "type": "Point", "coordinates": [ 76.501987, 32.0370569 ] } },
{ "type": "Feature", "properties": { "osm_id": 7954600363, "name": "Khakrehr", "place": "hamlet", "osm_population": null }, "geometry": { "type": "Point", "coordinates": [ 76.5063, 32.0402309 ] } },
{ "type": "Feature", "properties": { "osm_id": 7954600364, "name": "Har", "place": "hamlet", "osm_population": null }, "geometry": { "type": "Point", "coordinates": [ 76.5114176, 32.0385211 ] } },
{ "type": "Feature", "properties": { "osm_id": 7954600365, "name": "Biara", "place": "hamlet", "osm_population": null }, "geometry": { "type": "Point", "coordinates": [ 76.5844703, 32.0398035 ] } },
{ "type": "Feature", "properties": { "osm_id": 7954600366, "name": "Tatehi", "place": "hamlet", "osm_population": null }, "geometry": { "type": "Point", "coordinates": [ 76.5582704, 32.044187 ] } },
{ "type": "Feature", "properties": { "osm_id": 7954600367, "name": "Andreta", "place": "hamlet", "osm_population": null }, "geometry": { "type": "Point", "coordinates": [ 76.5716064, 32.0374025 ] } },
{ "type": "Feature", "properties": { "osm_id": 7954600368, "name": "Ghugrehra", "place": "hamlet", "osm_population": null }, "geometry": { "type": "Point", "coordinates": [ 76.5535712, 32.0370569 ] } },
{ "type": "Feature", "properties": { "osm_id": 7954600369, "name": "Khungnun", "place": "hamlet", "osm_population": null }, "geometry": { "type": "Point", "coordinates": [ 76.5518546, 32.033528 ] } },
{ "type": "Feature", "properties": { "osm_id": 7954600370, "name": "Dattal", "place": "hamlet", "osm_population": null }, "geometry": { "type": "Point", "coordinates": [ 76.5439367, 32.0322183 ] } },
{ "type": "Feature", "properties": { "osm_id": 7954600371, "name": "Pahra Bazar", "place": "hamlet", "osm_population": null }, "geometry": { "type": "Point", "coordinates": [ 76.5408683, 32.0272521 ] } },
{ "type": "Feature", "properties": { "osm_id": 7954600372, "name": "Ghar", "place": "hamlet", "osm_population": null }, "geometry": { "type": "Point", "coordinates": [ 76.5425205, 32.0447145 ] } },
{ "type": "Feature", "properties": { "osm_id": 7954600373, "name": "Daramman", "place": "hamlet", "osm_population": null }, "geometry": { "type": "Point", "coordinates": [ 76.5331864, 32.0275977 ] } },
{ "type": "Feature", "properties": { "osm_id": 7954600374, "name": "Kothi", "place": "hamlet", "osm_population": null }, "geometry": { "type": "Point", "coordinates": [ 76.5342378, 32.0374752 ] } },
{ "type": "Feature", "properties": { "osm_id": 7954600375, "name": "Tara", "place": "hamlet", "osm_population": null }, "geometry": { "type": "Point", "coordinates": [ 76.5193033, 32.0444143 ] } },
{ "type": "Feature", "properties": { "osm_id": 7954600376, "name": "Nangnal", "place": "hamlet", "osm_population": null }, "geometry": { "type": "Point", "coordinates": [ 76.5190244, 32.0418498 ] } },
{ "type": "Feature", "properties": { "osm_id": 7954600377, "name": "Parturak", "place": "hamlet", "osm_population": null }, "geometry": { "type": "Point", "coordinates": [ 76.5164494, 32.0370933 ] } },
{ "type": "Feature", "properties": { "osm_id": 7954600379, "name": "Chanjehr", "place": "hamlet", "osm_population": null }, "geometry": { "type": "Point", "coordinates": [ 76.5025019, 32.0337099 ] } },
{ "type": "Feature", "properties": { "osm_id": 7954600380, "name": "Phaluni", "place": "hamlet", "osm_population": null }, "geometry": { "type": "Point", "coordinates": [ 76.5138638, 32.0310995 ] } },
{ "type": "Feature", "properties": { "osm_id": 7954600381, "name": "Malnu", "place": "hamlet", "osm_population": null }, "geometry": { "type": "Point", "coordinates": [ 76.5193462, 32.0280889 ] } },
{ "type": "Feature", "properties": { "osm_id": 7954600382, "name": "Mahlag Uparli", "place": "hamlet", "osm_population": null }, "geometry": { "type": "Point", "coordinates": [ 76.5068579, 32.0250872 ] } },
{ "type": "Feature", "properties": { "osm_id": 7954600383, "name": "Qasba", "place": "hamlet", "osm_population": null }, "geometry": { "type": "Point", "coordinates": [ 76.5315342, 32.0238229 ] } },
{ "type": "Feature", "properties": { "osm_id": 7954600384, "name": "Jogehr", "place": "hamlet", "osm_population": null }, "geometry": { "type": "Point", "coordinates": [ 76.5290451, 32.0214669 ] } },
{ "type": "Feature", "properties": { "osm_id": 7954635585, "name": "Bhatpura", "place": "hamlet", "osm_population": null }, "geometry": { "type": "Point", "coordinates": [ 76.5266848, 32.0186015 ] } },
{ "type": "Feature", "properties": { "osm_id": 7954635586, "name": "Duhgni", "place": "hamlet", "osm_population": null }, "geometry": { "type": "Point", "coordinates": [ 76.5177369, 32.0164819 ] } },
{ "type": "Feature", "properties": { "osm_id": 7954635587, "name": "Mahlag Buhli", "place": "hamlet", "osm_population": null }, "geometry": { "type": "Point", "coordinates": [ 76.5049267, 32.0142077 ] } },
{ "type": "Feature", "properties": { "osm_id": 7954635588, "name": "Malahu", "place": "hamlet", "osm_population": null }, "geometry": { "type": "Point", "coordinates": [ 76.5127158, 32.0120425 ] } },
{ "type": "Feature", "properties": { "osm_id": 7954635589, "name": "Thandol", "place": "hamlet", "osm_population": null }, "geometry": { "type": "Point", "coordinates": [ 76.524496, 32.0026172 ] } },
{ "type": "Feature", "properties": { "osm_id": 7954635590, "name": "Thamba", "place": "hamlet", "osm_population": null }, "geometry": { "type": "Point", "coordinates": [ 76.5328216, 32.011624 ] } },
{ "type": "Feature", "properties": { "osm_id": 7954635591, "name": "Tap", "place": "hamlet", "osm_population": null }, "geometry": { "type": "Point", "coordinates": [ 76.5358257, 32.0180466 ] } },
{ "type": "Feature", "properties": { "osm_id": 7954635600, "name": "unnamed_7954635600", "place": "hamlet", "osm_population": null }, "geometry": { "type": "Point", "coordinates": [ 76.5630555, 32.0179056 ] } },
{ "type": "Feature", "properties": { "osm_id": 7954635605, "name": "Kosab", "place": "hamlet", "osm_population": null }, "geometry": { "type": "Point", "coordinates": [ 76.5877426, 32.0104777 ] } },
{ "type": "Feature", "properties": { "osm_id": 7954635606, "name": "unnamed_7954635606", "place": "hamlet", "osm_population": null }, "geometry": { "type": "Point", "coordinates": [ 76.5520826, 32.0086719 ] } },
{ "type": "Feature", "properties": { "osm_id": 7954635609, "name": "Tikkar Khas", "place": "hamlet", "osm_population": null }, "geometry": { "type": "Point", "coordinates": [ 76.5443122, 32.0216306 ] } },
{ "type": "Feature", "properties": { "osm_id": 7954635611, "name": "Rangru", "place": "hamlet", "osm_population": null }, "geometry": { "type": "Point", "coordinates": [ 76.5676689, 32.017237 ] } },
{ "type": "Feature", "properties": { "osm_id": 7954635612, "name": "unnamed_7954635612", "place": "hamlet", "osm_population": null }, "geometry": { "type": "Point", "coordinates": [ 76.5785801, 32.0068569 ] } },
{ "type": "Feature", "properties": { "osm_id": 7954635613, "name": "Nadli", "place": "hamlet", "osm_population": null }, "geometry": { "type": "Point", "coordinates": [ 76.572572, 32.0104687 ] } },
{ "type": "Feature", "properties": { "osm_id": 7954635614, "name": "Samled", "place": "hamlet", "osm_population": null }, "geometry": { "type": "Point", "coordinates": [ 76.5874743, 32.0014253 ] } },
{ "type": "Feature", "properties": { "osm_id": 7954635615, "name": "Garchandi", "place": "hamlet", "osm_population": null }, "geometry": { "type": "Point", "coordinates": [ 76.5742779, 32.0036543 ] } },
{ "type": "Feature", "properties": { "osm_id": 7954635618, "name": "Chauthi Bandh", "place": "hamlet", "osm_population": null }, "geometry": { "type": "Point", "coordinates": [ 76.5321564, 32.0056377 ] } },
{ "type": "Feature", "properties": { "osm_id": 7954635619, "name": "Gandh", "place": "hamlet", "osm_population": null }, "geometry": { "type": "Point", "coordinates": [ 76.5338945, 32.0020895 ] } },
{ "type": "Feature", "properties": { "osm_id": 7954635620, "name": "unnamed_7954635620", "place": "hamlet", "osm_population": null }, "geometry": { "type": "Point", "coordinates": [ 76.5418339, 32.0015845 ] } },
{ "type": "Feature", "properties": { "osm_id": 7954635621, "name": "Balah", "place": "hamlet", "osm_population": null }, "geometry": { "type": "Point", "coordinates": [ 76.545133, 32.000156 ] } },
{ "type": "Feature", "properties": { "osm_id": 7954650553, "name": "Mat", "place": "hamlet", "osm_population": null }, "geometry": { "type": "Point", "coordinates": [ 76.5890837, 32.0796111 ] } },
{ "type": "Feature", "properties": { "osm_id": 7954650554, "name": "Sangal", "place": "hamlet", "osm_population": null }, "geometry": { "type": "Point", "coordinates": [ 76.5815735, 32.0820292 ] } },
{ "type": "Feature", "properties": { "osm_id": 7954650555, "name": "Odar", "place": "hamlet", "osm_population": null }, "geometry": { "type": "Point", "coordinates": [ 76.576724, 32.0815928 ] } },
{ "type": "Feature", "properties": { "osm_id": 7954650556, "name": "Gorehr", "place": "hamlet", "osm_population": null }, "geometry": { "type": "Point", "coordinates": [ 76.5687418, 32.072611 ] } },
{ "type": "Feature", "properties": { "osm_id": 7954650557, "name": "Chaudrehr", "place": "hamlet", "osm_population": null }, "geometry": { "type": "Point", "coordinates": [ 76.5747285, 32.0721382 ] } },
{ "type": "Feature", "properties": { "osm_id": 7954650558, "name": "Ustehr", "place": "hamlet", "osm_population": null }, "geometry": { "type": "Point", "coordinates": [ 76.5624547, 32.0722655 ] } },
{ "type": "Feature", "properties": { "osm_id": 7954650559, "name": "Moli Chak", "place": "hamlet", "osm_population": null }, "geometry": { "type": "Point", "coordinates": [ 76.565727, 32.0808837 ] } },
{ "type": "Feature", "properties": { "osm_id": 7954650560, "name": "Gahr", "place": "hamlet", "osm_population": null }, "geometry": { "type": "Point", "coordinates": [ 76.5885258, 32.0700108 ] } },
{ "type": "Feature", "properties": { "osm_id": 7954650561, "name": "Bandu", "place": "hamlet", "osm_population": null }, "geometry": { "type": "Point", "coordinates": [ 76.5816378, 32.0696926 ] } },
{ "type": "Feature", "properties": { "osm_id": 7954650562, "name": "Bhatun", "place": "hamlet", "osm_population": null }, "geometry": { "type": "Point", "coordinates": [ 76.5814876, 32.064392 ] } },
{ "type": "Feature", "properties": { "osm_id": 7954650563, "name": "Rahal", "place": "hamlet", "osm_population": null }, "geometry": { "type": "Point", "coordinates": [ 76.5813803, 32.061337 ] } },
{ "type": "Feature", "properties": { "osm_id": 7954650564, "name": "Bhuana", "place": "hamlet", "osm_population": null }, "geometry": { "type": "Point", "coordinates": [ 76.5837622, 32.0536899 ] } },
{ "type": "Feature", "properties": { "osm_id": 7954650565, "name": "Bhawarna", "place": "hamlet", "osm_population": null }, "geometry": { "type": "Point", "coordinates": [ 76.5804791, 32.0539263 ] } },
{ "type": "Feature", "properties": { "osm_id": 7954650566, "name": "Ghumarnu", "place": "hamlet", "osm_population": null }, "geometry": { "type": "Point", "coordinates": [ 76.5744603, 32.0588911 ] } },
{ "type": "Feature", "properties": { "osm_id": 7954650567, "name": "harnol pat", "place": "village", "osm_population": null }, "geometry": { "type": "Point", "coordinates": [ 76.5641606, 32.0633373 ] } },
{ "type": "Feature", "properties": { "osm_id": 7954650568, "name": "Parnoh", "place": "hamlet", "osm_population": null }, "geometry": { "type": "Point", "coordinates": [ 76.5641391, 32.0607324 ] } },
{ "type": "Feature", "properties": { "osm_id": 7954650569, "name": "Barohl", "place": "hamlet", "osm_population": null }, "geometry": { "type": "Point", "coordinates": [ 76.5670842, 32.0587956 ] } },
{ "type": "Feature", "properties": { "osm_id": 7954650570, "name": "Thana", "place": "hamlet", "osm_population": null }, "geometry": { "type": "Point", "coordinates": [ 76.5577555, 32.0644739 ] } },
{ "type": "Feature", "properties": { "osm_id": 7954650571, "name": "Badehr", "place": "hamlet", "osm_population": null }, "geometry": { "type": "Point", "coordinates": [ 76.5290558, 32.0674197 ] } },
{ "type": "Feature", "properties": { "osm_id": 7954650572, "name": "Dohal", "place": "hamlet", "osm_population": null }, "geometry": { "type": "Point", "coordinates": [ 76.5386474, 32.0669469 ] } },
{ "type": "Feature", "properties": { "osm_id": 7954650573, "name": "Khian", "place": "hamlet", "osm_population": null }, "geometry": { "type": "Point", "coordinates": [ 76.5362334, 32.0632373 ] } },
{ "type": "Feature", "properties": { "osm_id": 7954650574, "name": "Manihal", "place": "hamlet", "osm_population": null }, "geometry": { "type": "Point", "coordinates": [ 76.549269, 32.0622917 ] } },
{ "type": "Feature", "properties": { "osm_id": 7954650575, "name": "Holsu", "place": "hamlet", "osm_population": null }, "geometry": { "type": "Point", "coordinates": [ 76.5541291, 32.059173 ] } },
{ "type": "Feature", "properties": { "osm_id": 7954650576, "name": "Majhenu", "place": "hamlet", "osm_population": null }, "geometry": { "type": "Point", "coordinates": [ 76.5588069, 32.0575181 ] } },
{ "type": "Feature", "properties": { "osm_id": 7954650577, "name": "Bagehr", "place": "hamlet", "osm_population": null }, "geometry": { "type": "Point", "coordinates": [ 76.5578842, 32.0554085 ] } },
{ "type": "Feature", "properties": { "osm_id": 7954650578, "name": "Ladoh", "place": "hamlet", "osm_population": null }, "geometry": { "type": "Point", "coordinates": [ 76.5616178, 32.0528261 ] } },
{ "type": "Feature", "properties": { "osm_id": 7954650579, "name": "Samriala", "place": "hamlet", "osm_population": null }, "geometry": { "type": "Point", "coordinates": [ 76.5570152, 32.0525078 ] } },
{ "type": "Feature", "properties": { "osm_id": 7954650580, "name": "Thakurdwara", "place": "hamlet", "osm_population": null }, "geometry": { "type": "Point", "coordinates": [ 76.5594721, 32.0505254 ] } },
{ "type": "Feature", "properties": { "osm_id": 7954650581, "name": "Ghabar", "place": "hamlet", "osm_population": null }, "geometry": { "type": "Point", "coordinates": [ 76.5513503, 32.0567907 ] } },
{ "type": "Feature", "properties": { "osm_id": 7954650582, "name": "Punar", "place": "hamlet", "osm_population": null }, "geometry": { "type": "Point", "coordinates": [ 76.5192926, 32.0546447 ] } },
{ "type": "Feature", "properties": { "osm_id": 7954650583, "name": "Maserna", "place": "hamlet", "osm_population": null }, "geometry": { "type": "Point", "coordinates": [ 76.5124368, 32.0615371 ] } },
{ "type": "Feature", "properties": { "osm_id": 7954650584, "name": "Ramehr", "place": "hamlet", "osm_population": null }, "geometry": { "type": "Point", "coordinates": [ 76.5070081, 32.056045 ] } },
{ "type": "Feature", "properties": { "osm_id": 7954675885, "name": "Utrehr", "place": "hamlet", "osm_population": null }, "geometry": { "type": "Point", "coordinates": [ 76.5078449, 32.0533717 ] } },
{ "type": "Feature", "properties": { "osm_id": 7954675886, "name": "Gadiara", "place": "hamlet", "osm_population": null }, "geometry": { "type": "Point", "coordinates": [ 76.5086603, 32.0502708 ] } },
{ "type": "Feature", "properties": { "osm_id": 7954675887, "name": "Qasba", "place": "hamlet", "osm_population": null }, "geometry": { "type": "Point", "coordinates": [ 76.5214383, 32.0506073 ] } },
{ "type": "Feature", "properties": { "osm_id": 7954675888, "name": "Namlehr", "place": "hamlet", "osm_population": null }, "geometry": { "type": "Point", "coordinates": [ 76.5499663, 32.0494978 ] } },
{ "type": "Feature", "properties": { "osm_id": 7954675889, "name": "Chhattar", "place": "hamlet", "osm_population": null }, "geometry": { "type": "Point", "coordinates": [ 76.5695786, 32.0483339 ] } },
{ "type": "Feature", "properties": { "osm_id": 7954675890, "name": "Gunehr", "place": "hamlet", "osm_population": null }, "geometry": { "type": "Point", "coordinates": [ 76.5771425, 32.0489704 ] } },
{ "type": "Feature", "properties": { "osm_id": 7954675891, "name": "Khudli", "place": "hamlet", "osm_population": null }, "geometry": { "type": "Point", "coordinates": [ 76.5869164, 32.0459967 ] } },
{ "type": "Feature", "properties": { "osm_id": 7954675892, "name": "Har", "place": "hamlet", "osm_population": null }, "geometry": { "type": "Point", "coordinates": [ 76.558764, 32.0387667 ] } },
{ "type": "Feature", "properties": { "osm_id": 7954675893, "name": "Gadiar Pat", "place": "hamlet", "osm_population": null }, "geometry": { "type": "Point", "coordinates": [ 76.563313, 32.0365748 ] } },
{ "type": "Feature", "properties": { "osm_id": 7954675894, "name": "Thaniloh", "place": "hamlet", "osm_population": null }, "geometry": { "type": "Point", "coordinates": [ 76.5490865, 32.0407493 ] } },
{ "type": "Feature", "properties": { "osm_id": 7954675895, "name": "Ropa", "place": "hamlet", "osm_population": null }, "geometry": { "type": "Point", "coordinates": [ 76.5446985, 32.0615916 ] } },
{ "type": "Feature", "properties": { "osm_id": 7954675896, "name": "Thalehr", "place": "hamlet", "osm_population": null }, "geometry": { "type": "Point", "coordinates": [ 76.5358364, 32.0590093 ] } },
{ "type": "Feature", "properties": { "osm_id": 7954675897, "name": "Dharra", "place": "hamlet", "osm_population": null }, "geometry": { "type": "Point", "coordinates": [ 76.5443444, 32.0541173 ] } },
{ "type": "Feature", "properties": { "osm_id": 7954675898, "name": "bodhala", "place": "village", "osm_population": null }, "geometry": { "type": "Point", "coordinates": [ 76.5341949, 32.0538081 ] } },
{ "type": "Feature", "properties": { "osm_id": 7954675899, "name": "Manjara", "place": "hamlet", "osm_population": null }, "geometry": { "type": "Point", "coordinates": [ 76.5435237, 32.0491114 ] } },
{ "type": "Feature", "properties": { "osm_id": 7954681289, "name": "Darklu", "place": "hamlet", "osm_population": null }, "geometry": { "type": "Point", "coordinates": [ 76.5441486, 32.1574235 ] } },
{ "type": "Feature", "properties": { "osm_id": 7954681290, "name": "Sureh", "place": "hamlet", "osm_population": null }, "geometry": { "type": "Point", "coordinates": [ 76.5445161, 32.1536563 ] } },
{ "type": "Feature", "properties": { "osm_id": 7954681299, "name": "Janderra", "place": "hamlet", "osm_population": null }, "geometry": { "type": "Point", "coordinates": [ 76.5538072, 32.1340751 ] } },
{ "type": "Feature", "properties": { "osm_id": 7954681300, "name": "Bohl", "place": "hamlet", "osm_population": null }, "geometry": { "type": "Point", "coordinates": [ 76.5501165, 32.1380907 ] } },
{ "type": "Feature", "properties": { "osm_id": 7954681301, "name": "Shahan", "place": "hamlet", "osm_population": null }, "geometry": { "type": "Point", "coordinates": [ 76.5433466, 32.1427148 ] } },
{ "type": "Feature", "properties": { "osm_id": 7954681302, "name": "Malenta", "place": "hamlet", "osm_population": null }, "geometry": { "type": "Point", "coordinates": [ 76.522243, 32.1478473 ] } },
{ "type": "Feature", "properties": { "osm_id": 7954681303, "name": "Darobi", "place": "hamlet", "osm_population": null }, "geometry": { "type": "Point", "coordinates": [ 76.5203226, 32.1449859 ] } },
{ "type": "Feature", "properties": { "osm_id": 7954681304, "name": "Bahli", "place": "hamlet", "osm_population": null }, "geometry": { "type": "Point", "coordinates": [ 76.521889, 32.1417973 ] } },
{ "type": "Feature", "properties": { "osm_id": 7954681307, "name": "Sukairi", "place": "hamlet", "osm_population": null }, "geometry": { "type": "Point", "coordinates": [ 76.5071261, 32.1426694 ] } },
{ "type": "Feature", "properties": { "osm_id": 7954681308, "name": "Jiwan", "place": "hamlet", "osm_population": null }, "geometry": { "type": "Point", "coordinates": [ 76.5039289, 32.1488057 ] } },
{ "type": "Feature", "properties": { "osm_id": 7954681309, "name": "Gaihr", "place": "hamlet", "osm_population": null }, "geometry": { "type": "Point", "coordinates": [ 76.574471, 32.1280696 ] } },
{ "type": "Feature", "properties": { "osm_id": 7954681310, "name": "Gorat", "place": "hamlet", "osm_population": null }, "geometry": { "type": "Point", "coordinates": [ 76.575855, 32.1314222 ] } },
{ "type": "Feature", "properties": { "osm_id": 7954812369, "name": "Sarajarh", "place": "hamlet", "osm_population": null }, "geometry": { "type": "Point", "coordinates": [ 76.6772908, 32.1053385 ] } },
{ "type": "Feature", "properties": { "osm_id": 7954812370, "name": "patahar", "place": "village", "osm_population": null }, "geometry": { "type": "Point", "coordinates": [ 76.6608918, 32.0964272 ] } },
{ "type": "Feature", "properties": { "osm_id": 7954812371, "name": "dewal khas", "place": "village", "osm_population": null }, "geometry": { "type": "Point", "coordinates": [ 76.6732567, 32.0936823 ] } },
{ "type": "Feature", "properties": { "osm_id": 7954812372, "name": "Tars", "place": "hamlet", "osm_population": null }, "geometry": { "type": "Point", "coordinates": [ 76.6591644, 32.0855653 ] } },
{ "type": "Feature", "properties": { "osm_id": 7954812373, "name": "Ghalot", "place": "hamlet", "osm_population": null }, "geometry": { "type": "Point", "coordinates": [ 76.653167, 32.0870287 ] } },
{ "type": "Feature", "properties": { "osm_id": 7954812374, "name": "Rakh", "place": "hamlet", "osm_population": null }, "geometry": { "type": "Point", "coordinates": [ 76.6544223, 32.0771384 ] } },
{ "type": "Feature", "properties": { "osm_id": 7954812375, "name": "Harehr", "place": "hamlet", "osm_population": null }, "geometry": { "type": "Point", "coordinates": [ 76.6575819, 32.0761793 ] } },
{ "type": "Feature", "properties": { "osm_id": 7954812377, "name": "Bhal", "place": "hamlet", "osm_population": null }, "geometry": { "type": "Point", "coordinates": [ 76.6523784, 32.0690835 ] } },
{ "type": "Feature", "properties": { "osm_id": 7954812378, "name": "Najar", "place": "hamlet", "osm_population": null }, "geometry": { "type": "Point", "coordinates": [ 76.6626835, 32.0593639 ] } },
{ "type": "Feature", "properties": { "osm_id": 7954812379, "name": "Paprola Khas", "place": "hamlet", "osm_population": null }, "geometry": { "type": "Point", "coordinates": [ 76.640625, 32.0653649 ] } },
{ "type": "Feature", "properties": { "osm_id": 7954812380, "name": "Khara Nal", "place": "hamlet", "osm_population": null }, "geometry": { "type": "Point", "coordinates": [ 76.6354751, 32.0673015 ] } },
{ "type": "Feature", "properties": { "osm_id": 7954812381, "name": "Pandtehr", "place": "hamlet", "osm_population": null }, "geometry": { "type": "Point", "coordinates": [ 76.6294455, 32.0634828 ] } },
{ "type": "Feature", "properties": { "osm_id": 7954812382, "name": "Kukaina", "place": "hamlet", "osm_population": null }, "geometry": { "type": "Point", "coordinates": [ 76.6220856, 32.0602459 ] } },
{ "type": "Feature", "properties": { "osm_id": 7954812383, "name": "Nauri Uparli", "place": "hamlet", "osm_population": null }, "geometry": { "type": "Point", "coordinates": [ 76.6043186, 32.0639101 ] } },
{ "type": "Feature", "properties": { "osm_id": 7954812384, "name": "Tarehi", "place": "hamlet", "osm_population": null }, "geometry": { "type": "Point", "coordinates": [ 76.5977955, 32.0596185 ] } },
{ "type": "Feature", "properties": { "osm_id": 7954861485, "name": "Kumharra", "place": "hamlet", "osm_population": null }, "geometry": { "type": "Point", "coordinates": [ 76.6499698, 32.098245 ] } },
{ "type": "Feature", "properties": { "osm_id": 7954861487, "name": "Bheth Uparli", "place": "hamlet", "osm_population": null }, "geometry": { "type": "Point", "coordinates": [ 76.6301536, 32.0828109 ] } },
{ "type": "Feature", "properties": { "osm_id": 7954861488, "name": "Aweri", "place": "hamlet", "osm_population": null }, "geometry": { "type": "Point", "coordinates": [ 76.609211, 32.0750474 ] } },
{ "type": "Feature", "properties": { "osm_id": 7954861489, "name": "Ghor Pith", "place": "hamlet", "osm_population": null }, "geometry": { "type": "Point", "coordinates": [ 76.607033, 32.0817383 ] } },
{ "type": "Feature", "properties": { "osm_id": 7954861490, "name": "Bhadriana", "place": "hamlet", "osm_population": null }, "geometry": { "type": "Point", "coordinates": [ 76.5987825, 32.0844654 ] } },
{ "type": "Feature", "properties": { "osm_id": 7954861491, "name": "Odar", "place": "hamlet", "osm_population": null }, "geometry": { "type": "Point", "coordinates": [ 76.5917766, 32.0866561 ] } },
{ "type": "Feature", "properties": { "osm_id": 7954861492, "name": "Padhiarkhar", "place": "hamlet", "osm_population": null }, "geometry": { "type": "Point", "coordinates": [ 76.5869379, 32.0846108 ] } },
{ "type": "Feature", "properties": { "osm_id": 7954861493, "name": "Purani Pulam", "place": "hamlet", "osm_population": null }, "geometry": { "type": "Point", "coordinates": [ 76.5882683, 32.0897011 ] } },
{ "type": "Feature", "properties": { "osm_id": 7954861494, "name": "Bhadrena", "place": "hamlet", "osm_population": null }, "geometry": { "type": "Point", "coordinates": [ 76.5939546, 32.0930824 ] } },
{ "type": "Feature", "properties": { "osm_id": 7954861495, "name": "Sarsawa", "place": "hamlet", "osm_population": null }, "geometry": { "type": "Point", "coordinates": [ 76.5908432, 32.098036 ] } },
{ "type": "Feature", "properties": { "osm_id": 7954861496, "name": "Lahar", "place": "hamlet", "osm_population": null }, "geometry": { "type": "Point", "coordinates": [ 76.5837192, 32.1113092 ] } },
{ "type": "Feature", "properties": { "osm_id": 7954861497, "name": "Kopain", "place": "hamlet", "osm_population": null }, "geometry": { "type": "Point", "coordinates": [ 76.5898347, 32.1086329 ] } },
{ "type": "Feature", "properties": { "osm_id": 7954861498, "name": "Rajehr", "place": "hamlet", "osm_population": null }, "geometry": { "type": "Point", "coordinates": [ 76.5888047, 32.1118227 ] } },
{ "type": "Feature", "properties": { "osm_id": 7954861499, "name": "Sornu", "place": "hamlet", "osm_population": null }, "geometry": { "type": "Point", "coordinates": [ 76.5776896, 32.10348 ] } },
{ "type": "Feature", "properties": { "osm_id": 7954861500, "name": "Rampur", "place": "hamlet", "osm_population": null }, "geometry": { "type": "Point", "coordinates": [ 76.593107, 32.1054522 ] } },
{ "type": "Feature", "properties": { "osm_id": 7954861501, "name": "Gujrehra", "place": "hamlet", "osm_population": null }, "geometry": { "type": "Point", "coordinates": [ 76.6064966, 32.0944367 ] } },
{ "type": "Feature", "properties": { "osm_id": 7954861502, "name": "Kandral", "place": "hamlet", "osm_population": null }, "geometry": { "type": "Point", "coordinates": [ 76.6242635, 32.0954547 ] } },
{ "type": "Feature", "properties": { "osm_id": 7954861503, "name": "Bharmat", "place": "hamlet", "osm_population": null }, "geometry": { "type": "Point", "coordinates": [ 76.5643, 32.1072607 ] } },
{ "type": "Feature", "properties": { "osm_id": 7954861504, "name": "Jalrehr", "place": "hamlet", "osm_population": null }, "geometry": { "type": "Point", "coordinates": [ 76.5715956, 32.0943549 ] } },
{ "type": "Feature", "properties": { "osm_id": 7954861505, "name": "Matehr", "place": "hamlet", "osm_population": null }, "geometry": { "type": "Point", "coordinates": [ 76.5744066, 32.0864833 ] } },
{ "type": "Feature", "properties": { "osm_id": 7954861506, "name": "Banauri Khas", "place": "hamlet", "osm_population": null }, "geometry": { "type": "Point", "coordinates": [ 76.5707159, 32.0905919 ] } },
{ "type": "Feature", "properties": { "osm_id": 7954861507, "name": "Gadiara", "place": "hamlet", "osm_population": null }, "geometry": { "type": "Point", "coordinates": [ 76.581949, 32.0999083 ] } },
{ "type": "Feature", "properties": { "osm_id": 7954861508, "name": "Sokru", "place": "hamlet", "osm_population": null }, "geometry": { "type": "Point", "coordinates": [ 76.6583866, 32.1153395 ] } },
{ "type": "Feature", "properties": { "osm_id": 7954861509, "name": "unnamed_7954861509", "place": "hamlet", "osm_population": null }, "geometry": { "type": "Point", "coordinates": [ 76.6545081, 32.1076424 ] } },
{ "type": "Feature", "properties": { "osm_id": 7954861510, "name": "Ropa", "place": "hamlet", "osm_population": null }, "geometry": { "type": "Point", "coordinates": [ 76.652475, 32.1062201 ] } },
{ "type": "Feature", "properties": { "osm_id": 7954861511, "name": "Dug", "place": "hamlet", "osm_population": null }, "geometry": { "type": "Point", "coordinates": [ 76.6531724, 32.1137151 ] } },
{ "type": "Feature", "properties": { "osm_id": 7954861512, "name": "Dunki", "place": "hamlet", "osm_population": null }, "geometry": { "type": "Point", "coordinates": [ 76.6505143, 32.1123611 ] } },
{ "type": "Feature", "properties": { "osm_id": 7954861513, "name": "Bhunkher", "place": "hamlet", "osm_population": null }, "geometry": { "type": "Point", "coordinates": [ 76.6485482, 32.1103959 ] } },
{ "type": "Feature", "properties": { "osm_id": 7954861514, "name": "Nain", "place": "hamlet", "osm_population": null }, "geometry": { "type": "Point", "coordinates": [ 76.6441762, 32.1093327 ] } },
{ "type": "Feature", "properties": { "osm_id": 7954861516, "name": "Nanahr", "place": "hamlet", "osm_population": null }, "geometry": { "type": "Point", "coordinates": [ 76.5922379, 32.1203645 ] } },
{ "type": "Feature", "properties": { "osm_id": 7954861517, "name": "Kand Bari Khas", "place": "hamlet", "osm_population": null }, "geometry": { "type": "Point", "coordinates": [ 76.594094, 32.1193831 ] } },
{ "type": "Feature", "properties": { "osm_id": 7954861518, "name": "Lot", "place": "hamlet", "osm_population": null }, "geometry": { "type": "Point", "coordinates": [ 76.6315269, 32.1081876 ] } },
{ "type": "Feature", "properties": { "osm_id": 7954861519, "name": "Kharas", "place": "hamlet", "osm_population": null }, "geometry": { "type": "Point", "coordinates": [ 76.6223967, 32.1111684 ] } },
{ "type": "Feature", "properties": { "osm_id": 7954861520, "name": "Gawal Tikkar", "place": "hamlet", "osm_population": null }, "geometry": { "type": "Point", "coordinates": [ 76.6174668, 32.1094735 ] } },
{ "type": "Feature", "properties": { "osm_id": 7954861521, "name": "Kund", "place": "hamlet", "osm_population": null }, "geometry": { "type": "Point", "coordinates": [ 76.6063625, 32.1083966 ] } },
{ "type": "Feature", "properties": { "osm_id": 7954861522, "name": "Nain", "place": "hamlet", "osm_population": null }, "geometry": { "type": "Point", "coordinates": [ 76.573441, 32.1002264 ] } },
{ "type": "Feature", "properties": { "osm_id": 7954937161, "name": "Bharehr Uparli", "place": "hamlet", "osm_population": null }, "geometry": { "type": "Point", "coordinates": [ 76.6819525, 32.1100324 ] } },
{ "type": "Feature", "properties": { "osm_id": 7954937162, "name": "Bharehr Bunhli", "place": "hamlet", "osm_population": null }, "geometry": { "type": "Point", "coordinates": [ 76.6884005, 32.1071698 ] } },
{ "type": "Feature", "properties": { "osm_id": 7954937163, "name": "Jamuratpur", "place": "hamlet", "osm_population": null }, "geometry": { "type": "Point", "coordinates": [ 76.6795707, 32.1031028 ] } },
{ "type": "Feature", "properties": { "osm_id": 7954937164, "name": "unnamed_7954937164", "place": "hamlet", "osm_population": null }, "geometry": { "type": "Point", "coordinates": [ 76.6882959, 32.0810417 ] } },
{ "type": "Feature", "properties": { "osm_id": 7954937166, "name": "Mandehr Khurd", "place": "hamlet", "osm_population": null }, "geometry": { "type": "Point", "coordinates": [ 76.7076588, 32.0684925 ] } },
{ "type": "Feature", "properties": { "osm_id": 7954937167, "name": "Mandehr Kalan", "place": "hamlet", "osm_population": null }, "geometry": { "type": "Point", "coordinates": [ 76.7081094, 32.0710563 ] } },
{ "type": "Feature", "properties": { "osm_id": 7954937168, "name": "Matrun", "place": "hamlet", "osm_population": null }, "geometry": { "type": "Point", "coordinates": [ 76.7018893, 32.0741406 ] } },
{ "type": "Feature", "properties": { "osm_id": 7954937170, "name": "Jalgaran", "place": "hamlet", "osm_population": null }, "geometry": { "type": "Point", "coordinates": [ 76.6840821, 32.0890603 ] } },
{ "type": "Feature", "properties": { "osm_id": 7954937171, "name": "Kausri", "place": "hamlet", "osm_population": null }, "geometry": { "type": "Point", "coordinates": [ 76.6904282, 32.0766929 ] } },
{ "type": "Feature", "properties": { "osm_id": 7954937172, "name": "Barahan", "place": "hamlet", "osm_population": null }, "geometry": { "type": "Point", "coordinates": [ 76.6995692, 32.0821019 ] } },
{ "type": "Feature", "properties": { "osm_id": 7954937173, "name": "Chogan Thati", "place": "hamlet", "osm_population": null }, "geometry": { "type": "Point", "coordinates": [ 76.7176741, 32.0873469 ] } },
{ "type": "Feature", "properties": { "osm_id": 7954937174, "name": "Thatwal Thati", "place": "hamlet", "osm_population": null }, "geometry": { "type": "Point", "coordinates": [ 76.7170572, 32.0900829 ] } },
{ "type": "Feature", "properties": { "osm_id": 7954937177, "name": "Bagh", "place": "hamlet", "osm_population": null }, "geometry": { "type": "Point", "coordinates": [ 76.6929388, 32.07062 ] } },
{ "type": "Feature", "properties": { "osm_id": 7954937178, "name": "Sansal Khas", "place": "village", "osm_population": null }, "geometry": { "type": "Point", "coordinates": [ 76.6905302, 32.0662741 ] } },
{ "type": "Feature", "properties": { "osm_id": 7954937180, "name": "Bharag", "place": "hamlet", "osm_population": null }, "geometry": { "type": "Point", "coordinates": [ 76.6925579, 32.0634828 ] } },
{ "type": "Feature", "properties": { "osm_id": 7954946498, "name": "Umrali", "place": "hamlet", "osm_population": null }, "geometry": { "type": "Point", "coordinates": [ 76.6120326, 32.0255693 ] } },
{ "type": "Feature", "properties": { "osm_id": 7954946499, "name": "Hari", "place": "hamlet", "osm_population": null }, "geometry": { "type": "Point", "coordinates": [ 76.6280293, 32.0199569 ] } },
{ "type": "Feature", "properties": { "osm_id": 7954946500, "name": "Barunh", "place": "hamlet", "osm_population": null }, "geometry": { "type": "Point", "coordinates": [ 76.6208625, 32.021476 ] } },
{ "type": "Feature", "properties": { "osm_id": 7954946501, "name": "Rakh", "place": "hamlet", "osm_population": null }, "geometry": { "type": "Point", "coordinates": [ 76.6102302, 32.014899 ] } },
{ "type": "Feature", "properties": { "osm_id": 7954946502, "name": "tikri", "place": "village", "osm_population": null }, "geometry": { "type": "Point", "coordinates": [ 76.6073763, 32.0169368 ] } },
{ "type": "Feature", "properties": { "osm_id": 7954946503, "name": "Gagoti", "place": "hamlet", "osm_population": null }, "geometry": { "type": "Point", "coordinates": [ 76.6029507, 32.0184514 ] } },
{ "type": "Feature", "properties": { "osm_id": 7954946504, "name": "Dohki", "place": "hamlet", "osm_population": null }, "geometry": { "type": "Point", "coordinates": [ 76.6146505, 32.0177373 ] } },
{ "type": "Feature", "properties": { "osm_id": 7954946505, "name": "Kothi", "place": "hamlet", "osm_population": null }, "geometry": { "type": "Point", "coordinates": [ 76.61008, 32.018556 ] } },
{ "type": "Feature", "properties": { "osm_id": 7954946506, "name": "Machhoi", "place": "hamlet", "osm_population": null }, "geometry": { "type": "Point", "coordinates": [ 76.6001344, 32.0159088 ] } },
{ "type": "Feature", "properties": { "osm_id": 7954946507, "name": "Khas Dhamag", "place": "hamlet", "osm_population": null }, "geometry": { "type": "Point", "coordinates": [ 76.6285443, 32.0350378 ] } },
{ "type": "Feature", "properties": { "osm_id": 7954946508, "name": "Mahipat", "place": "hamlet", "osm_population": null }, "geometry": { "type": "Point", "coordinates": [ 76.6363442, 32.0264789 ] } },
{ "type": "Feature", "properties": { "osm_id": 7954946511, "name": "Nauhra", "place": "hamlet", "osm_population": null }, "geometry": { "type": "Point", "coordinates": [ 76.6443908, 32.0162045 ] } },
{ "type": "Feature", "properties": { "osm_id": 7954946512, "name": "Sukaran", "place": "hamlet", "osm_population": null }, "geometry": { "type": "Point", "coordinates": [ 76.6386294, 32.0151901 ] } },
{ "type": "Feature", "properties": { "osm_id": 7954946513, "name": "Phaluni", "place": "hamlet", "osm_population": null }, "geometry": { "type": "Point", "coordinates": [ 76.6320956, 32.0176281 ] } },
{ "type": "Feature", "properties": { "osm_id": 7954946514, "name": "Sakri", "place": "hamlet", "osm_population": null }, "geometry": { "type": "Point", "coordinates": [ 76.6452491, 32.0087492 ] } },
{ "type": "Feature", "properties": { "osm_id": 7954946519, "name": "Pansoh", "place": "hamlet", "osm_population": null }, "geometry": { "type": "Point", "coordinates": [ 76.6512573, 32.0034633 ] } },
{ "type": "Feature", "properties": { "osm_id": 7954946520, "name": "Ghar", "place": "hamlet", "osm_population": null }, "geometry": { "type": "Point", "coordinates": [ 76.6453242, 32.0004335 ] } },
{ "type": "Feature", "properties": { "osm_id": 7954946521, "name": "Sakri Khas", "place": "hamlet", "osm_population": null }, "geometry": { "type": "Point", "coordinates": [ 76.6342306, 32.0004062 ] } },
{ "type": "Feature", "properties": { "osm_id": 7954946522, "name": "Gadiara Buhla", "place": "hamlet", "osm_population": null }, "geometry": { "type": "Point", "coordinates": [ 76.6229761, 32.0092951 ] } },
{ "type": "Feature", "properties": { "osm_id": 7954946523, "name": "Gadiara Uparla", "place": "hamlet", "osm_population": null }, "geometry": { "type": "Point", "coordinates": [ 76.6198003, 32.0117696 ] } },
{ "type": "Feature", "properties": { "osm_id": 7954946524, "name": "Kilhi", "place": "hamlet", "osm_population": null }, "geometry": { "type": "Point", "coordinates": [ 76.6129124, 32.0042639 ] } },
{ "type": "Feature", "properties": { "osm_id": 7954946525, "name": "Ambotu", "place": "hamlet", "osm_population": null }, "geometry": { "type": "Point", "coordinates": [ 76.5907949, 32.0126429 ] } },
{ "type": "Feature", "properties": { "osm_id": 7954946526, "name": "Gher", "place": "hamlet", "osm_population": null }, "geometry": { "type": "Point", "coordinates": [ 76.5998661, 32.0045824 ] } },
{ "type": "Feature", "properties": { "osm_id": 7956097783, "name": "Ropru", "place": "hamlet", "osm_population": null }, "geometry": { "type": "Point", "coordinates": [ 76.8584472, 32.0611642 ] } },
{ "type": "Feature", "properties": { "osm_id": 7961110420, "name": "Ner", "place": "hamlet", "osm_population": null }, "geometry": { "type": "Point", "coordinates": [ 76.828326, 32.0603596 ] } },
{ "type": "Feature", "properties": { "osm_id": 7961110422, "name": "Jhajrar Mathi", "place": "hamlet", "osm_population": null }, "geometry": { "type": "Point", "coordinates": [ 76.809057, 32.0561269 ] } },
{ "type": "Feature", "properties": { "osm_id": 7961110423, "name": "Khalail", "place": "hamlet", "osm_population": null }, "geometry": { "type": "Point", "coordinates": [ 76.8030059, 32.0576545 ] } },
{ "type": "Feature", "properties": { "osm_id": 7961110424, "name": "Mehot", "place": "hamlet", "osm_population": null }, "geometry": { "type": "Point", "coordinates": [ 76.7988217, 32.0655558 ] } },
{ "type": "Feature", "properties": { "osm_id": 7961165177, "name": "Uhldhar", "place": "hamlet", "osm_population": null }, "geometry": { "type": "Point", "coordinates": [ 76.8374777, 32.0554631 ] } },
{ "type": "Feature", "properties": { "osm_id": 7972759548, "name": "Nauri Jhikli", "place": "hamlet", "osm_population": null }, "geometry": { "type": "Point", "coordinates": [ 76.6191673, 32.0571544 ] } },
{ "type": "Feature", "properties": { "osm_id": 7972759549, "name": "Qasba", "place": "hamlet", "osm_population": null }, "geometry": { "type": "Point", "coordinates": [ 76.6444444, 32.0457876 ] } },
{ "type": "Feature", "properties": { "osm_id": 7972759550, "name": "Baiinath", "place": "village", "osm_population": null }, "geometry": { "type": "Point", "coordinates": [ 76.6422558, 32.0427683 ] } },
{ "type": "Feature", "properties": { "osm_id": 7972759551, "name": "Pantahr", "place": "village", "osm_population": null }, "geometry": { "type": "Point", "coordinates": [ 76.6449594, 32.0397489 ] } },
{ "type": "Feature", "properties": { "osm_id": 7972759552, "name": "Sitla Devi", "place": "hamlet", "osm_population": null }, "geometry": { "type": "Point", "coordinates": [ 76.6453242, 32.0350924 ] } },
{ "type": "Feature", "properties": { "osm_id": 7972759553, "name": "Ustehr", "place": "village", "osm_population": null }, "geometry": { "type": "Point", "coordinates": [ 76.6414618, 32.036875 ] } },
{ "type": "Feature", "properties": { "osm_id": 7972759554, "name": "Chartholi", "place": "hamlet", "osm_population": null }, "geometry": { "type": "Point", "coordinates": [ 76.6519761, 32.0380027 ] } },
{ "type": "Feature", "properties": { "osm_id": 7972759556, "name": "Kothi", "place": "hamlet", "osm_population": null }, "geometry": { "type": "Point", "coordinates": [ 76.6260767, 32.0470607 ] } },
{ "type": "Feature", "properties": { "osm_id": 7972759557, "name": "Chakol Beru", "place": "hamlet", "osm_population": null }, "geometry": { "type": "Point", "coordinates": [ 76.6172147, 32.0377117 ] } },
{ "type": "Feature", "properties": { "osm_id": 7972759558, "name": "Chhahbain", "place": "hamlet", "osm_population": null }, "geometry": { "type": "Point", "coordinates": [ 76.6151976, 32.0276523 ] } },
{ "type": "Feature", "properties": { "osm_id": 7972759559, "name": "Khas Sagar", "place": "hamlet", "osm_population": null }, "geometry": { "type": "Point", "coordinates": [ 76.608653, 32.0312905 ] } },
{ "type": "Feature", "properties": { "osm_id": 7972759560, "name": "Janehr", "place": "hamlet", "osm_population": null }, "geometry": { "type": "Point", "coordinates": [ 76.611979, 32.0283436 ] } },
{ "type": "Feature", "properties": { "osm_id": 7972759561, "name": "Non", "place": "hamlet", "osm_population": null }, "geometry": { "type": "Point", "coordinates": [ 76.5965509, 32.0238865 ] } },
{ "type": "Feature", "properties": { "osm_id": 7972759562, "name": "Pat", "place": "hamlet", "osm_population": null }, "geometry": { "type": "Point", "coordinates": [ 76.597538, 32.0274522 ] } },
{ "type": "Feature", "properties": { "osm_id": 7972759564, "name": "Rajot Buhia", "place": "hamlet", "osm_population": null }, "geometry": { "type": "Point", "coordinates": [ 76.5964222, 32.029908 ] } },
{ "type": "Feature", "properties": { "osm_id": 7972759565, "name": "Chauhut", "place": "hamlet", "osm_population": null }, "geometry": { "type": "Point", "coordinates": [ 76.6084599, 32.0346376 ] } },
{ "type": "Feature", "properties": { "osm_id": 7972759566, "name": "Pargian", "place": "hamlet", "osm_population": null }, "geometry": { "type": "Point", "coordinates": [ 76.6012287, 32.0386485 ] } },
{ "type": "Feature", "properties": { "osm_id": 7972759567, "name": "Bagarki", "place": "hamlet", "osm_population": null }, "geometry": { "type": "Point", "coordinates": [ 76.6004991, 32.0406675 ] } },
{ "type": "Feature", "properties": { "osm_id": 7972759568, "name": "Rakar Bheri", "place": "hamlet", "osm_population": null }, "geometry": { "type": "Point", "coordinates": [ 76.5963685, 32.0402037 ] } },
{ "type": "Feature", "properties": { "osm_id": 7972759569, "name": "Rajot Uparla", "place": "hamlet", "osm_population": null }, "geometry": { "type": "Point", "coordinates": [ 76.5914869, 32.0360564 ] } },
{ "type": "Feature", "properties": { "osm_id": 7972759570, "name": "Chatar Gahr", "place": "hamlet", "osm_population": null }, "geometry": { "type": "Point", "coordinates": [ 76.6070652, 32.0422408 ] } },
{ "type": "Feature", "properties": { "osm_id": 7972759571, "name": "Majheran", "place": "hamlet", "osm_population": null }, "geometry": { "type": "Point", "coordinates": [ 76.6150045, 32.0468061 ] } },
{ "type": "Feature", "properties": { "osm_id": 7972759572, "name": "Ratnehr", "place": "hamlet", "osm_population": null }, "geometry": { "type": "Point", "coordinates": [ 76.6088247, 32.0484066 ] } },
{ "type": "Feature", "properties": { "osm_id": 7972759573, "name": "Kaliana", "place": "hamlet", "osm_population": null }, "geometry": { "type": "Point", "coordinates": [ 76.6080737, 32.0528624 ] } },
{ "type": "Feature", "properties": { "osm_id": 7972759574, "name": "Labol", "place": "hamlet", "osm_population": null }, "geometry": { "type": "Point", "coordinates": [ 76.5941906, 32.0515712 ] } },
{ "type": "Feature", "properties": { "osm_id": 7972759575, "name": "Naget", "place": "hamlet", "osm_population": null }, "geometry": { "type": "Point", "coordinates": [ 76.5878284, 32.0571817 ] } },
{ "type": "Feature", "properties": { "osm_id": 7972759576, "name": "Lamehr", "place": "hamlet", "osm_population": null }, "geometry": { "type": "Point", "coordinates": [ 76.5816915, 32.0558632 ] } },
{ "type": "Feature", "properties": { "osm_id": 7972759577, "name": "Kand Haral", "place": "hamlet", "osm_population": null }, "geometry": { "type": "Point", "coordinates": [ 76.5721857, 32.0614552 ] } },
{ "type": "Feature", "properties": { "osm_id": 7972759578, "name": "Balu", "place": "hamlet", "osm_population": null }, "geometry": { "type": "Point", "coordinates": [ 76.5586567, 32.0666832 ] } },
{ "type": "Feature", "properties": { "osm_id": 7972759579, "name": "Bahra", "place": "hamlet", "osm_population": null }, "geometry": { "type": "Point", "coordinates": [ 76.5505671, 32.069829 ] } },
{ "type": "Feature", "properties": { "osm_id": 7972759580, "name": "Barrart", "place": "hamlet", "osm_population": null }, "geometry": { "type": "Point", "coordinates": [ 76.5464258, 32.070029 ] } },
{ "type": "Feature", "properties": { "osm_id": 7972759581, "name": "Samrial", "place": "hamlet", "osm_population": null }, "geometry": { "type": "Point", "coordinates": [ 76.5427995, 32.0723746 ] } },
{ "type": "Feature", "properties": { "osm_id": 7972759582, "name": "Behar", "place": "hamlet", "osm_population": null }, "geometry": { "type": "Point", "coordinates": [ 76.5529918, 32.0766838 ] } },
{ "type": "Feature", "properties": { "osm_id": 7972759583, "name": "Dargil", "place": "hamlet", "osm_population": null }, "geometry": { "type": "Point", "coordinates": [ 76.5474987, 32.0788656 ] } },
{ "type": "Feature", "properties": { "osm_id": 7972759584, "name": "Pandtehr", "place": "hamlet", "osm_population": null }, "geometry": { "type": "Point", "coordinates": [ 76.5432501, 32.0825564 ] } },
{ "type": "Feature", "properties": { "osm_id": 7972778885, "name": "Mahal Hotla", "place": "hamlet", "osm_population": null }, "geometry": { "type": "Point", "coordinates": [ 76.5478205, 32.0873378 ] } },
{ "type": "Feature", "properties": { "osm_id": 7972778886, "name": "Saralu", "place": "hamlet", "osm_population": null }, "geometry": { "type": "Point", "coordinates": [ 76.5414476, 32.0858289 ] } },
{ "type": "Feature", "properties": { "osm_id": 7972799989, "name": "Bagh", "place": "hamlet", "osm_population": null }, "geometry": { "type": "Point", "coordinates": [ 76.5136921, 32.0728383 ] } },
{ "type": "Feature", "properties": { "osm_id": 7972799990, "name": "Tanda", "place": "hamlet", "osm_population": null }, "geometry": { "type": "Point", "coordinates": [ 76.5374565, 32.0897193 ] } },
{ "type": "Feature", "properties": { "osm_id": 7972799991, "name": "Naranda", "place": "hamlet", "osm_population": null }, "geometry": { "type": "Point", "coordinates": [ 76.523788, 32.0849744 ] } },
{ "type": "Feature", "properties": { "osm_id": 7972799992, "name": "Palabu", "place": "hamlet", "osm_population": null }, "geometry": { "type": "Point", "coordinates": [ 76.5314484, 32.0837109 ] } },
{ "type": "Feature", "properties": { "osm_id": 7972799993, "name": "Rajpura", "place": "hamlet", "osm_population": null }, "geometry": { "type": "Point", "coordinates": [ 76.5323818, 32.0825109 ] } },
{ "type": "Feature", "properties": { "osm_id": 7972799994, "name": "Jandehra", "place": "hamlet", "osm_population": null }, "geometry": { "type": "Point", "coordinates": [ 76.5343988, 32.0806565 ] } },
{ "type": "Feature", "properties": { "osm_id": 7972799995, "name": "Bagh", "place": "hamlet", "osm_population": null }, "geometry": { "type": "Point", "coordinates": [ 76.5281439, 32.0821655 ] } },
{ "type": "Feature", "properties": { "osm_id": 7972799996, "name": "Gorat", "place": "hamlet", "osm_population": null }, "geometry": { "type": "Point", "coordinates": [ 76.5307832, 32.0815019 ] } },
{ "type": "Feature", "properties": { "osm_id": 7972799997, "name": "Maletar", "place": "hamlet", "osm_population": null }, "geometry": { "type": "Point", "coordinates": [ 76.5283692, 32.0762929 ] } },
{ "type": "Feature", "properties": { "osm_id": 7972799998, "name": "Dehan Khas", "place": "hamlet", "osm_population": null }, "geometry": { "type": "Point", "coordinates": [ 76.5168142, 32.067356 ] } },
{ "type": "Feature", "properties": { "osm_id": 7972799999, "name": "Garthun", "place": "hamlet", "osm_population": null }, "geometry": { "type": "Point", "coordinates": [ 76.512351, 32.068738 ] } },
{ "type": "Feature", "properties": { "osm_id": 7972800000, "name": "Bhangiar", "place": "hamlet", "osm_population": null }, "geometry": { "type": "Point", "coordinates": [ 76.513617, 32.0784475 ] } },
{ "type": "Feature", "properties": { "osm_id": 7972800001, "name": "Kakrehr", "place": "hamlet", "osm_population": null }, "geometry": { "type": "Point", "coordinates": [ 76.5152263, 32.0758475 ] } },
{ "type": "Feature", "properties": { "osm_id": 7972800002, "name": "Manimbal", "place": "hamlet", "osm_population": null }, "geometry": { "type": "Point", "coordinates": [ 76.5085315, 32.0729383 ] } },
{ "type": "Feature", "properties": { "osm_id": 7972800003, "name": "Arla Khas", "place": "village", "osm_population": null }, "geometry": { "type": "Point", "coordinates": [ 76.498661, 32.0782111 ] } },
{ "type": "Feature", "properties": { "osm_id": 7972800004, "name": "Darobi", "place": "hamlet", "osm_population": null }, "geometry": { "type": "Point", "coordinates": [ 76.5201187, 32.1454946 ] } },
{ "type": "Feature", "properties": { "osm_id": 7972800005, "name": "Malenta", "place": "hamlet", "osm_population": null }, "geometry": { "type": "Point", "coordinates": [ 76.5236914, 32.1480653 ] } },
{ "type": "Feature", "properties": { "osm_id": 7972800006, "name": "Thala", "place": "hamlet", "osm_population": null }, "geometry": { "type": "Point", "coordinates": [ 76.5342808, 32.1480381 ] } },
{ "type": "Feature", "properties": { "osm_id": 7972800007, "name": "Sarehrkari", "place": "hamlet", "osm_population": null }, "geometry": { "type": "Point", "coordinates": [ 76.5259123, 32.1456218 ] } },
{ "type": "Feature", "properties": { "osm_id": 7972800008, "name": "Dargoni", "place": "hamlet", "osm_population": null }, "geometry": { "type": "Point", "coordinates": [ 76.5315985, 32.1435506 ] } },
{ "type": "Feature", "properties": { "osm_id": 7972800009, "name": "Sukairi", "place": "hamlet", "osm_population": null }, "geometry": { "type": "Point", "coordinates": [ 76.542263, 32.1395534 ] } },
{ "type": "Feature", "properties": { "osm_id": 7972800010, "name": "Bhartarka", "place": "hamlet", "osm_population": null }, "geometry": { "type": "Point", "coordinates": [ 76.5390229, 32.1376819 ] } },
{ "type": "Feature", "properties": { "osm_id": 7972800011, "name": "Hachher", "place": "hamlet", "osm_population": null }, "geometry": { "type": "Point", "coordinates": [ 76.5418553, 32.1349928 ] } },
{ "type": "Feature", "properties": { "osm_id": 7972800012, "name": "Lahnga", "place": "hamlet", "osm_population": null }, "geometry": { "type": "Point", "coordinates": [ 76.563034, 32.1315767 ] } },
{ "type": "Feature", "properties": { "osm_id": 7972800013, "name": "Chornali", "place": "hamlet", "osm_population": null }, "geometry": { "type": "Point", "coordinates": [ 76.5619397, 32.1177839 ] } },
{ "type": "Feature", "properties": { "osm_id": 7972800015, "name": "Lohna", "place": "hamlet", "osm_population": null }, "geometry": { "type": "Point", "coordinates": [ 76.5441835, 32.1207825 ] } },
{ "type": "Feature", "properties": { "osm_id": 7972800016, "name": "Bandla", "place": "hamlet", "osm_population": null }, "geometry": { "type": "Point", "coordinates": [ 76.5392294, 32.1209733 ] } },
{ "type": "Feature", "properties": { "osm_id": 7972800017, "name": "Nihang", "place": "hamlet", "osm_population": null }, "geometry": { "type": "Point", "coordinates": [ 76.5352249, 32.1058248 ] } },
{ "type": "Feature", "properties": { "osm_id": 7972800018, "name": "Tanda", "place": "hamlet", "osm_population": null }, "geometry": { "type": "Point", "coordinates": [ 76.5315556, 32.1031528 ] } },
{ "type": "Feature", "properties": { "osm_id": 7972800019, "name": "Chauk", "place": "hamlet", "osm_population": null }, "geometry": { "type": "Point", "coordinates": [ 76.5258908, 32.102144 ] } },
{ "type": "Feature", "properties": { "osm_id": 7972800020, "name": "Diffarnal", "place": "hamlet", "osm_population": null }, "geometry": { "type": "Point", "coordinates": [ 76.5229511, 32.1134675 ] } },
{ "type": "Feature", "properties": { "osm_id": 7972800021, "name": "Ghuggar", "place": "village", "osm_population": null }, "geometry": { "type": "Point", "coordinates": [ 76.5276396, 32.1119863 ] } },
{ "type": "Feature", "properties": { "osm_id": 7972800022, "name": "Aima", "place": "village", "osm_population": null }, "geometry": { "type": "Point", "coordinates": [ 76.5346241, 32.1167661 ] } },
{ "type": "Feature", "properties": { "osm_id": 7972800023, "name": "Sughar", "place": "hamlet", "osm_population": null }, "geometry": { "type": "Point", "coordinates": [ 76.5315342, 32.1221364 ] } },
{ "type": "Feature", "properties": { "osm_id": 7972800024, "name": "Dhurehr", "place": "hamlet", "osm_population": null }, "geometry": { "type": "Point", "coordinates": [ 76.5225971, 32.1255437 ] } },
{ "type": "Feature", "properties": { "osm_id": 7972800025, "name": "Khatena", "place": "hamlet", "osm_population": null }, "geometry": { "type": "Point", "coordinates": [ 76.5170932, 32.1249713 ] } },
{ "type": "Feature", "properties": { "osm_id": 7972800026, "name": "Rajnali", "place": "hamlet", "osm_population": null }, "geometry": { "type": "Point", "coordinates": [ 76.5134776, 32.1243625 ] } },
{ "type": "Feature", "properties": { "osm_id": 7972800029, "name": "Bindraban", "place": "hamlet", "osm_population": null }, "geometry": { "type": "Point", "coordinates": [ 76.5155482, 32.1142036 ] } },
{ "type": "Feature", "properties": { "osm_id": 7972800030, "name": "Khilru", "place": "hamlet", "osm_population": null }, "geometry": { "type": "Point", "coordinates": [ 76.5198397, 32.1112229 ] } },
{ "type": "Feature", "properties": { "osm_id": 7972800031, "name": "Bharron", "place": "hamlet", "osm_population": null }, "geometry": { "type": "Point", "coordinates": [ 76.5141964, 32.1058066 ] } },
{ "type": "Feature", "properties": { "osm_id": 7972800032, "name": "Khas Khalet", "place": "hamlet", "osm_population": null }, "geometry": { "type": "Point", "coordinates": [ 76.516664, 32.0902647 ] } },
{ "type": "Feature", "properties": { "osm_id": 7972800033, "name": "Raudi", "place": "hamlet", "osm_population": null }, "geometry": { "type": "Point", "coordinates": [ 76.5131879, 32.0935914 ] } },
{ "type": "Feature", "properties": { "osm_id": 7972800034, "name": "Luharal", "place": "hamlet", "osm_population": null }, "geometry": { "type": "Point", "coordinates": [ 76.5013861, 32.0997174 ] } },
{ "type": "Feature", "properties": { "osm_id": 7972800035, "name": "Kalialkar", "place": "hamlet", "osm_population": null }, "geometry": { "type": "Point", "coordinates": [ 76.5036392, 32.1048433 ] } },
{ "type": "Feature", "properties": { "osm_id": 7972800036, "name": "Phat", "place": "village", "osm_population": null }, "geometry": { "type": "Point", "coordinates": [ 76.5068579, 32.1087329 ] } },
{ "type": "Feature", "properties": { "osm_id": 7997329453, "name": "Kachhiari", "place": "village", "osm_population": null }, "geometry": { "type": "Point", "coordinates": [ 76.3032787, 32.1111453 ] } },
{ "type": "Feature", "properties": { "osm_id": 7997428995, "name": "Balehad", "place": "village", "osm_population": null }, "geometry": { "type": "Point", "coordinates": [ 76.3943221, 32.1659037 ] } },
{ "type": "Feature", "properties": { "osm_id": 7997428996, "name": "Narwana", "place": "village", "osm_population": null }, "geometry": { "type": "Point", "coordinates": [ 76.3893253, 32.1712045 ] } },
{ "type": "Feature", "properties": { "osm_id": 8039810130, "name": "Ladwada", "place": "village", "osm_population": null }, "geometry": { "type": "Point", "coordinates": [ 76.2214112, 32.1798574 ] } },
{ "type": "Feature", "properties": { "osm_id": 8039813275, "name": "Rajol", "place": "village", "osm_population": null }, "geometry": { "type": "Point", "coordinates": [ 76.2484047, 32.1726824 ] } },
{ "type": "Feature", "properties": { "osm_id": 8477641189, "name": "Dhanotu", "place": "village", "osm_population": null }, "geometry": { "type": "Point", "coordinates": [ 76.2319282, 32.1935331 ] } },
{ "type": "Feature", "properties": { "osm_id": 8614184131, "name": "unnamed_8614184131", "place": "village", "osm_population": null }, "geometry": { "type": "Point", "coordinates": [ 76.2015206, 32.1211187 ] } },
{ "type": "Feature", "properties": { "osm_id": 8620949602, "name": "Phalondi", "place": "village", "osm_population": null }, "geometry": { "type": "Point", "coordinates": [ 76.3611174, 32.1562132 ] } },
{ "type": "Feature", "properties": { "osm_id": 8620949603, "name": "Rin", "place": "village", "osm_population": null }, "geometry": { "type": "Point", "coordinates": [ 76.361568, 32.1613268 ] } },
{ "type": "Feature", "properties": { "osm_id": 8620949604, "name": "unnamed_8620949604", "place": "village", "osm_population": null }, "geometry": { "type": "Point", "coordinates": [ 76.3801718, 32.1618445 ] } },
{ "type": "Feature", "properties": { "osm_id": 8620949605, "name": "Khastangroti", "place": "village", "osm_population": null }, "geometry": { "type": "Point", "coordinates": [ 76.3915014, 32.1603731 ] } },
{ "type": "Feature", "properties": { "osm_id": 8620949606, "name": "Batehr", "place": "village", "osm_population": null }, "geometry": { "type": "Point", "coordinates": [ 76.3803863, 32.1553049 ] } },
{ "type": "Feature", "properties": { "osm_id": 8620949607, "name": "Bhulitangroti", "place": "hamlet", "osm_population": null }, "geometry": { "type": "Point", "coordinates": [ 76.386491, 32.1531703 ] } },
{ "type": "Feature", "properties": { "osm_id": 8620949608, "name": "Rasehr", "place": "village", "osm_population": null }, "geometry": { "type": "Point", "coordinates": [ 76.3966513, 32.1509903 ] } },
{ "type": "Feature", "properties": { "osm_id": 8620949609, "name": "Utharagaran", "place": "hamlet", "osm_population": null }, "geometry": { "type": "Point", "coordinates": [ 76.3900316, 32.149982 ] } },
{ "type": "Feature", "properties": { "osm_id": 8620949610, "name": "Uprehr", "place": "village", "osm_population": null }, "geometry": { "type": "Point", "coordinates": [ 76.3877678, 32.1472115 ] } },
{ "type": "Feature", "properties": { "osm_id": 8620949611, "name": "Rumehr", "place": "village", "osm_population": null }, "geometry": { "type": "Point", "coordinates": [ 76.3822961, 32.1426785 ] } },
{ "type": "Feature", "properties": { "osm_id": 8620949612, "name": "Khassihund", "place": "village", "osm_population": null }, "geometry": { "type": "Point", "coordinates": [ 76.3768029, 32.135338 ] } },
{ "type": "Feature", "properties": { "osm_id": 8620949613, "name": "Dharmgir", "place": "village", "osm_population": null }, "geometry": { "type": "Point", "coordinates": [ 76.4202118, 32.1303956 ] } },
{ "type": "Feature", "properties": { "osm_id": 8620949614, "name": "Jugleta", "place": "village", "osm_population": null }, "geometry": { "type": "Point", "coordinates": [ 76.4204049, 32.1333938 ] } },
{ "type": "Feature", "properties": { "osm_id": 8620949615, "name": "Pandatehr", "place": "village", "osm_population": null }, "geometry": { "type": "Point", "coordinates": [ 76.4126587, 32.1339571 ] } },
{ "type": "Feature", "properties": { "osm_id": 8620949616, "name": "Khatehr", "place": "village", "osm_population": null }, "geometry": { "type": "Point", "coordinates": [ 76.4242244, 32.1383905 ] } },
{ "type": "Feature", "properties": { "osm_id": 8620964817, "name": "Sarialkar", "place": "village", "osm_population": null }, "geometry": { "type": "Point", "coordinates": [ 76.4195251, 32.1403347 ] } },
{ "type": "Feature", "properties": { "osm_id": 8620964818, "name": "Tambar", "place": "village", "osm_population": null }, "geometry": { "type": "Point", "coordinates": [ 76.4120149, 32.1387176 ] } },
{ "type": "Feature", "properties": { "osm_id": 8620964819, "name": "Malwalkar", "place": "hamlet", "osm_population": null }, "geometry": { "type": "Point", "coordinates": [ 76.4010715, 32.1287783 ] } },
{ "type": "Feature", "properties": { "osm_id": 8620964820, "name": "Nianda", "place": "hamlet", "osm_population": null }, "geometry": { "type": "Point", "coordinates": [ 76.3945484, 32.1327396 ] } },
{ "type": "Feature", "properties": { "osm_id": 8620964821, "name": "Ghartholi", "place": "village", "osm_population": null }, "geometry": { "type": "Point", "coordinates": [ 76.4037001, 32.1440956 ] } },
{ "type": "Feature", "properties": { "osm_id": 8620964822, "name": "Padar", "place": "village", "osm_population": null }, "geometry": { "type": "Point", "coordinates": [ 76.4105344, 32.1486195 ] } },
{ "type": "Feature", "properties": { "osm_id": 8620964823, "name": "Kalond", "place": "village", "osm_population": null }, "geometry": { "type": "Point", "coordinates": [ 76.4782977, 32.127161 ] } },
{ "type": "Feature", "properties": { "osm_id": 8620964824, "name": "Kusmal", "place": "village", "osm_population": null }, "geometry": { "type": "Point", "coordinates": [ 76.4869237, 32.1288147 ] } },
{ "type": "Feature", "properties": { "osm_id": 8620964825, "name": "Garh", "place": "hamlet", "osm_population": null }, "geometry": { "type": "Point", "coordinates": [ 76.4697683, 32.1274336 ] } },
{ "type": "Feature", "properties": { "osm_id": 8620964826, "name": "Lammapat", "place": "village", "osm_population": null }, "geometry": { "type": "Point", "coordinates": [ 76.4518189, 32.1302865 ] } },
{ "type": "Feature", "properties": { "osm_id": 8620964827, "name": "Labankar", "place": "village", "osm_population": null }, "geometry": { "type": "Point", "coordinates": [ 76.4469266, 32.1390992 ] } },
{ "type": "Feature", "properties": { "osm_id": 8620964828, "name": "Gujrehra", "place": "village", "osm_population": null }, "geometry": { "type": "Point", "coordinates": [ 76.4397383, 32.1379908 ] } },
{ "type": "Feature", "properties": { "osm_id": 8620964829, "name": "Rajehr", "place": "village", "osm_population": null }, "geometry": { "type": "Point", "coordinates": [ 76.4757657, 32.1362465 ] } },
{ "type": "Feature", "properties": { "osm_id": 8620964830, "name": "Bhasmehr", "place": "village", "osm_population": null }, "geometry": { "type": "Point", "coordinates": [ 76.4684057, 32.1387358 ] } },
{ "type": "Feature", "properties": { "osm_id": 8620964831, "name": "Banbarthari", "place": "village", "osm_population": null }, "geometry": { "type": "Point", "coordinates": [ 76.4798641, 32.1511992 ] } },
{ "type": "Feature", "properties": { "osm_id": 8620964832, "name": "Badsar", "place": "village", "osm_population": null }, "geometry": { "type": "Point", "coordinates": [ 76.4608526, 32.1577391 ] } },
{ "type": "Feature", "properties": { "osm_id": 8620964833, "name": "Balalan", "place": "hamlet", "osm_population": null }, "geometry": { "type": "Point", "coordinates": [ 76.4794564, 32.1608091 ] } },
{ "type": "Feature", "properties": { "osm_id": 8620964836, "name": "Jiakhas", "place": "village", "osm_population": null }, "geometry": { "type": "Point", "coordinates": [ 76.4479136, 32.1546146 ] } },
{ "type": "Feature", "properties": { "osm_id": 8620964837, "name": "unnamed_8620964837", "place": "village", "osm_population": null }, "geometry": { "type": "Point", "coordinates": [ 76.436584, 32.1543784 ] } },
{ "type": "Feature", "properties": { "osm_id": 8620964838, "name": "Kalhorkar", "place": "village", "osm_population": null }, "geometry": { "type": "Point", "coordinates": [ 76.428945, 32.1503817 ] } },
{ "type": "Feature", "properties": { "osm_id": 8620964839, "name": "Baror", "place": "village", "osm_population": null }, "geometry": { "type": "Point", "coordinates": [ 76.4185166, 32.1534337 ] } },
{ "type": "Feature", "properties": { "osm_id": 8620964840, "name": "Balla", "place": "village", "osm_population": null }, "geometry": { "type": "Point", "coordinates": [ 76.4100087, 32.1558226 ] } },
{ "type": "Feature", "properties": { "osm_id": 8620964841, "name": "Jadrangal", "place": "village", "osm_population": null }, "geometry": { "type": "Point", "coordinates": [ 76.4175188, 32.1589471 ] } },
{ "type": "Feature", "properties": { "osm_id": 8620964842, "name": "Patola", "place": "hamlet", "osm_population": null }, "geometry": { "type": "Point", "coordinates": [ 76.4117896, 32.1649325 ] } },
{ "type": "Feature", "properties": { "osm_id": 8620964843, "name": "Jaloh", "place": "village", "osm_population": null }, "geometry": { "type": "Point", "coordinates": [ 76.3946342, 32.1725975 ] } },
{ "type": "Feature", "properties": { "osm_id": 8620964844, "name": "Banni", "place": "village", "osm_population": null }, "geometry": { "type": "Point", "coordinates": [ 76.3753009, 32.1771744 ] } },
{ "type": "Feature", "properties": { "osm_id": 8620964845, "name": "Chatar", "place": "village", "osm_population": null }, "geometry": { "type": "Point", "coordinates": [ 76.3875103, 32.1939545 ] } },
{ "type": "Feature", "properties": { "osm_id": 8620964846, "name": "Khaloibarag", "place": "hamlet", "osm_population": null }, "geometry": { "type": "Point", "coordinates": [ 76.391716, 32.1893784 ] } },
{ "type": "Feature", "properties": { "osm_id": 8620964848, "name": "Sadhedkhas", "place": "hamlet", "osm_population": null }, "geometry": { "type": "Point", "coordinates": [ 76.3090932, 32.215615 ] } },
{ "type": "Feature", "properties": { "osm_id": 8620964849, "name": "Dhar", "place": "village", "osm_population": null }, "geometry": { "type": "Point", "coordinates": [ 76.3047051, 32.2230217 ] } },
{ "type": "Feature", "properties": { "osm_id": 8620964850, "name": "Dungla", "place": "village", "osm_population": null }, "geometry": { "type": "Point", "coordinates": [ 76.2929034, 32.2103138 ] } },
{ "type": "Feature", "properties": { "osm_id": 8620964851, "name": "Lanjhni", "place": "village", "osm_population": null }, "geometry": { "type": "Point", "coordinates": [ 76.2917876, 32.205085 ] } },
{ "type": "Feature", "properties": { "osm_id": 8620964852, "name": "Jhikka", "place": "hamlet", "osm_population": null }, "geometry": { "type": "Point", "coordinates": [ 76.2852322, 32.1967185 ] } },
{ "type": "Feature", "properties": { "osm_id": 8620964853, "name": "Bangrehr", "place": "village", "osm_population": null }, "geometry": { "type": "Point", "coordinates": [ 76.2787628, 32.2050305 ] } },
{ "type": "Feature", "properties": { "osm_id": 8620964854, "name": "Ambote", "place": "village", "osm_population": null }, "geometry": { "type": "Point", "coordinates": [ 76.275587, 32.1976951 ] } },
{ "type": "Feature", "properties": { "osm_id": 8620964855, "name": "Barini", "place": "village", "osm_population": null }, "geometry": { "type": "Point", "coordinates": [ 76.2705659, 32.1906496 ] } },
{ "type": "Feature", "properties": { "osm_id": 8620964856, "name": "Bhoi", "place": "hamlet", "osm_population": null }, "geometry": { "type": "Point", "coordinates": [ 76.2563825, 32.1870449 ] } },
{ "type": "Feature", "properties": { "osm_id": 8620964857, "name": "Ansohi", "place": "village", "osm_population": null }, "geometry": { "type": "Point", "coordinates": [ 76.2516832, 32.1879983 ] } },
{ "type": "Feature", "properties": { "osm_id": 8620964858, "name": "Garh", "place": "village", "osm_population": null }, "geometry": { "type": "Point", "coordinates": [ 76.2802112, 32.2153246 ] } },
{ "type": "Feature", "properties": { "osm_id": 8620964860, "name": "Minlana", "place": "hamlet", "osm_population": null }, "geometry": { "type": "Point", "coordinates": [ 76.2760806, 32.2284673 ] } },
{ "type": "Feature", "properties": { "osm_id": 8620964861, "name": "Diara", "place": "hamlet", "osm_population": null }, "geometry": { "type": "Point", "coordinates": [ 76.2836444, 32.2321792 ] } },
{ "type": "Feature", "properties": { "osm_id": 8620964863, "name": "Kotla", "place": "hamlet", "osm_population": null }, "geometry": { "type": "Point", "coordinates": [ 76.2732375, 32.235165 ] } },
{ "type": "Feature", "properties": { "osm_id": 8620964864, "name": "Pethlu", "place": "hamlet", "osm_population": null }, "geometry": { "type": "Point", "coordinates": [ 76.2742567, 32.2396299 ] } },
{ "type": "Feature", "properties": { "osm_id": 8620964865, "name": "Uni", "place": "hamlet", "osm_population": null }, "geometry": { "type": "Point", "coordinates": [ 76.2513613, 32.2310993 ] } },
{ "type": "Feature", "properties": { "osm_id": 8621231352, "name": "Barsawalkar", "place": "village", "osm_population": null }, "geometry": { "type": "Point", "coordinates": [ 76.2785053, 32.1451676 ] } },
{ "type": "Feature", "properties": { "osm_id": 8621231353, "name": "Mungrehr", "place": "village", "osm_population": null }, "geometry": { "type": "Point", "coordinates": [ 76.2855005, 32.1457853 ] } },
{ "type": "Feature", "properties": { "osm_id": 8621231354, "name": "Lehhikhas", "place": "village", "osm_population": null }, "geometry": { "type": "Point", "coordinates": [ 76.280415, 32.1496913 ] } },
{ "type": "Feature", "properties": { "osm_id": 8621231355, "name": "Kalandreh", "place": "village", "osm_population": null }, "geometry": { "type": "Point", "coordinates": [ 76.288054, 32.1519804 ] } },
{ "type": "Feature", "properties": { "osm_id": 8621231356, "name": "Gagli", "place": "village", "osm_population": null }, "geometry": { "type": "Point", "coordinates": [ 76.291337, 32.1558135 ] } },
{ "type": "Feature", "properties": { "osm_id": 8621231357, "name": "Ghana", "place": "village", "osm_population": null }, "geometry": { "type": "Point", "coordinates": [ 76.2996411, 32.1508722 ] } },
{ "type": "Feature", "properties": { "osm_id": 8621231358, "name": "Ansoli", "place": "village", "osm_population": null }, "geometry": { "type": "Point", "coordinates": [ 76.2907791, 32.1430782 ] } },
{ "type": "Feature", "properties": { "osm_id": 8621231359, "name": "Balla", "place": "village", "osm_population": null }, "geometry": { "type": "Point", "coordinates": [ 76.2890625, 32.1387903 ] } },
{ "type": "Feature", "properties": { "osm_id": 8621231360, "name": "Balla", "place": "village", "osm_population": null }, "geometry": { "type": "Point", "coordinates": [ 76.280179, 32.1349201 ] } },
{ "type": "Feature", "properties": { "osm_id": 8621231361, "name": "Sahora", "place": "village", "osm_population": null }, "geometry": { "type": "Point", "coordinates": [ 76.2714028, 32.142624 ] } },
{ "type": "Feature", "properties": { "osm_id": 8621231362, "name": "Paig", "place": "village", "osm_population": null }, "geometry": { "type": "Point", "coordinates": [ 76.2673044, 32.1395534 ] } },
{ "type": "Feature", "properties": { "osm_id": 8621231363, "name": "Jogiballa", "place": "village", "osm_population": null }, "geometry": { "type": "Point", "coordinates": [ 76.2637424, 32.1358286 ] } },
{ "type": "Feature", "properties": { "osm_id": 8621231364, "name": "Gawalnu", "place": "village", "osm_population": null }, "geometry": { "type": "Point", "coordinates": [ 76.2516403, 32.1397896 ] } },
{ "type": "Feature", "properties": { "osm_id": 8621231365, "name": "Khopa", "place": "village", "osm_population": null }, "geometry": { "type": "Point", "coordinates": [ 76.3039112, 32.1361011 ] } },
{ "type": "Feature", "properties": { "osm_id": 8621231366, "name": "Gashtwar", "place": "village", "osm_population": null }, "geometry": { "type": "Point", "coordinates": [ 76.3599586, 32.133103 ] } },
{ "type": "Feature", "properties": { "osm_id": 8621231367, "name": "Chhanwar", "place": "village", "osm_population": null }, "geometry": { "type": "Point", "coordinates": [ 76.3529849, 32.1317402 ] } },
{ "type": "Feature", "properties": { "osm_id": 8621231369, "name": "Uprehr", "place": "village", "osm_population": null }, "geometry": { "type": "Point", "coordinates": [ 76.3247466, 32.1411159 ] } },
{ "type": "Feature", "properties": { "osm_id": 8621231370, "name": "Kohalakhas", "place": "village", "osm_population": null }, "geometry": { "type": "Point", "coordinates": [ 76.3221073, 32.1423514 ] } },
{ "type": "Feature", "properties": { "osm_id": 8621231371, "name": "Sunehr", "place": "village", "osm_population": null }, "geometry": { "type": "Point", "coordinates": [ 76.3161206, 32.1434052 ] } },
{ "type": "Feature", "properties": { "osm_id": 8621231372, "name": "Patialkar", "place": "village", "osm_population": null }, "geometry": { "type": "Point", "coordinates": [ 76.3591432, 32.1475203 ] } },
{ "type": "Feature", "properties": { "osm_id": 8621231373, "name": "Khasthana", "place": "village", "osm_population": null }, "geometry": { "type": "Point", "coordinates": [ 76.3548946, 32.1435142 ] } },
{ "type": "Feature", "properties": { "osm_id": 8621231374, "name": "Dhalunkhas", "place": "village", "osm_population": null }, "geometry": { "type": "Point", "coordinates": [ 76.3670611, 32.1553957 ] } },
{ "type": "Feature", "properties": { "osm_id": 8621231375, "name": "Balahrkar", "place": "village", "osm_population": null }, "geometry": { "type": "Point", "coordinates": [ 76.2944269, 32.1354379 ] } },
{ "type": "Feature", "properties": { "osm_id": 8621231376, "name": "Chelian", "place": "village", "osm_population": null }, "geometry": { "type": "Point", "coordinates": [ 76.3241029, 32.1967054 ] } },
{ "type": "Feature", "properties": { "osm_id": 8621231377, "name": "Uperhi", "place": "village", "osm_population": null }, "geometry": { "type": "Point", "coordinates": [ 76.3170057, 32.1918662 ] } },
{ "type": "Feature", "properties": { "osm_id": 8621231378, "name": "Gulerian", "place": "village", "osm_population": null }, "geometry": { "type": "Point", "coordinates": [ 76.3223755, 32.1899777 ] } },
{ "type": "Feature", "properties": { "osm_id": 8621231379, "name": "Mauzamaned", "place": "village", "osm_population": null }, "geometry": { "type": "Point", "coordinates": [ 76.312859, 32.1723796 ] } },
{ "type": "Feature", "properties": { "osm_id": 8621231380, "name": "Pandtehr", "place": "village", "osm_population": null }, "geometry": { "type": "Point", "coordinates": [ 76.3188028, 32.1803255 ] } },
{ "type": "Feature", "properties": { "osm_id": 8621231381, "name": "Dehru", "place": "village", "osm_population": null }, "geometry": { "type": "Point", "coordinates": [ 76.3219142, 32.1827863 ] } },
{ "type": "Feature", "properties": { "osm_id": 8621231382, "name": "Patni", "place": "village", "osm_population": null }, "geometry": { "type": "Point", "coordinates": [ 76.3246715, 32.1854105 ] } },
{ "type": "Feature", "properties": { "osm_id": 8621231383, "name": "Panjlehr", "place": "village", "osm_population": null }, "geometry": { "type": "Point", "coordinates": [ 76.3074302, 32.1808067 ] } },
{ "type": "Feature", "properties": { "osm_id": 8621231384, "name": "Gujrehra", "place": "hamlet", "osm_population": null }, "geometry": { "type": "Point", "coordinates": [ 76.286273, 32.1703271 ] } },
{ "type": "Feature", "properties": { "osm_id": 8621231385, "name": "Kumhakar", "place": "village", "osm_population": null }, "geometry": { "type": "Point", "coordinates": [ 76.2896526, 32.1735147 ] } },
{ "type": "Feature", "properties": { "osm_id": 8621231386, "name": "Padher", "place": "village", "osm_population": null }, "geometry": { "type": "Point", "coordinates": [ 76.2909078, 32.1769202 ] } },
{ "type": "Feature", "properties": { "osm_id": 8621231387, "name": "Jatehr", "place": "village", "osm_population": null }, "geometry": { "type": "Point", "coordinates": [ 76.2948775, 32.1813697 ] } },
{ "type": "Feature", "properties": { "osm_id": 8621231388, "name": "Barakhola", "place": "village", "osm_population": null }, "geometry": { "type": "Point", "coordinates": [ 76.3246822, 32.1559225 ] } },
{ "type": "Feature", "properties": { "osm_id": 8621231389, "name": "Gianakhurd", "place": "village", "osm_population": null }, "geometry": { "type": "Point", "coordinates": [ 76.3288557, 32.1542512 ] } },
{ "type": "Feature", "properties": { "osm_id": 8621231390, "name": "Parol", "place": "village", "osm_population": null }, "geometry": { "type": "Point", "coordinates": [ 76.3319886, 32.1491372 ] } },
{ "type": "Feature", "properties": { "osm_id": 8621231391, "name": "Gumrehr", "place": "village", "osm_population": null }, "geometry": { "type": "Point", "coordinates": [ 76.3418805, 32.1489646 ] } },
{ "type": "Feature", "properties": { "osm_id": 8621231392, "name": "unnamed_8621231392", "place": "hamlet", "osm_population": null }, "geometry": { "type": "Point", "coordinates": [ 76.3233304, 32.1662448 ] } },
{ "type": "Feature", "properties": { "osm_id": 8621231393, "name": "Mat", "place": "hamlet", "osm_population": null }, "geometry": { "type": "Point", "coordinates": [ 76.3182449, 32.1647599 ] } },
{ "type": "Feature", "properties": { "osm_id": 8621231394, "name": "Tarmelu", "place": "village", "osm_population": null }, "geometry": { "type": "Point", "coordinates": [ 76.3158309, 32.1662312 ] } },
{ "type": "Feature", "properties": { "osm_id": 8621231395, "name": "Dughwar", "place": "hamlet", "osm_population": null }, "geometry": { "type": "Point", "coordinates": [ 76.310842, 32.1630434 ] } },
{ "type": "Feature", "properties": { "osm_id": 8621231396, "name": "Buner", "place": "hamlet", "osm_population": null }, "geometry": { "type": "Point", "coordinates": [ 76.3801288, 32.140153 ] } },
{ "type": "Feature", "properties": { "osm_id": 8621231397, "name": "Dughiari", "place": "village", "osm_population": null }, "geometry": { "type": "Point", "coordinates": [ 76.261425, 32.1519986 ] } },
{ "type": "Feature", "properties": { "osm_id": 8621231398, "name": "Behr", "place": "village", "osm_population": null }, "geometry": { "type": "Point", "coordinates": [ 76.2619829, 32.1601824 ] } },
{ "type": "Feature", "properties": { "osm_id": 8621231399, "name": "Sandaur", "place": "village", "osm_population": null }, "geometry": { "type": "Point", "coordinates": [ 76.2714243, 32.1620262 ] } },
{ "type": "Feature", "properties": { "osm_id": 8621231400, "name": "Rachhialu", "place": "village", "osm_population": null }, "geometry": { "type": "Point", "coordinates": [ 76.2686348, 32.1665491 ] } },
{ "type": "Feature", "properties": { "osm_id": 8621231401, "name": "Keori", "place": "village", "osm_population": null }, "geometry": { "type": "Point", "coordinates": [ 76.2742567, 32.1686016 ] } },
{ "type": "Feature", "properties": { "osm_id": 8621231402, "name": "Bedi", "place": "village", "osm_population": null }, "geometry": { "type": "Point", "coordinates": [ 76.2541294, 32.157612 ] } },
{ "type": "Feature", "properties": { "osm_id": 8621231403, "name": "Kuthman", "place": "village", "osm_population": null }, "geometry": { "type": "Point", "coordinates": [ 76.2552237, 32.1650415 ] } },
{ "type": "Feature", "properties": { "osm_id": 8621231404, "name": "Baintlu", "place": "village", "osm_population": null }, "geometry": { "type": "Point", "coordinates": [ 76.2623155, 32.1734602 ] } },
{ "type": "Feature", "properties": { "osm_id": 8621231406, "name": "Naganpat", "place": "village", "osm_population": null }, "geometry": { "type": "Point", "coordinates": [ 76.2720465, 32.1824775 ] } },
{ "type": "Feature", "properties": { "osm_id": 8622675355, "name": "Cheli", "place": "hamlet", "osm_population": null }, "geometry": { "type": "Point", "coordinates": [ 76.4364982, 32.0994902 ] } },
{ "type": "Feature", "properties": { "osm_id": 8622675356, "name": "Darangkhas", "place": "village", "osm_population": null }, "geometry": { "type": "Point", "coordinates": [ 76.4435577, 32.0942822 ] } },
{ "type": "Feature", "properties": { "osm_id": 8622675357, "name": "Ludhran", "place": "village", "osm_population": null }, "geometry": { "type": "Point", "coordinates": [ 76.4355325, 32.0909919 ] } },
{ "type": "Feature", "properties": { "osm_id": 8622675358, "name": "Dhorni", "place": "village", "osm_population": null }, "geometry": { "type": "Point", "coordinates": [ 76.4392447, 32.0854471 ] } },
{ "type": "Feature", "properties": { "osm_id": 8622675359, "name": "Mahadev", "place": "village", "osm_population": null }, "geometry": { "type": "Point", "coordinates": [ 76.4323139, 32.084029 ] } },
{ "type": "Feature", "properties": { "osm_id": 8622675360, "name": "Chahrkhola", "place": "village", "osm_population": null }, "geometry": { "type": "Point", "coordinates": [ 76.4311015, 32.1018078 ] } },
{ "type": "Feature", "properties": { "osm_id": 8622675361, "name": "Tanda", "place": "village", "osm_population": null }, "geometry": { "type": "Point", "coordinates": [ 76.4355004, 32.1036527 ] } },
{ "type": "Feature", "properties": { "osm_id": 8622675362, "name": "Ghunetta", "place": "village", "osm_population": null }, "geometry": { "type": "Point", "coordinates": [ 76.4308119, 32.1056067 ] } },
{ "type": "Feature", "properties": { "osm_id": 8622675363, "name": "Gujrehra", "place": "village", "osm_population": null }, "geometry": { "type": "Point", "coordinates": [ 76.427679, 32.1095872 ] } },
{ "type": "Feature", "properties": { "osm_id": 8622675364, "name": "Dholta", "place": "hamlet", "osm_population": null }, "geometry": { "type": "Point", "coordinates": [ 76.4396953, 32.1076424 ] } },
{ "type": "Feature", "properties": { "osm_id": 8622675365, "name": "Guirehra", "place": "village", "osm_population": null }, "geometry": { "type": "Point", "coordinates": [ 76.4074874, 32.0828291 ] } },
{ "type": "Feature", "properties": { "osm_id": 8622675366, "name": "Khasmasal", "place": "village", "osm_population": null }, "geometry": { "type": "Point", "coordinates": [ 76.4018195, 32.0862119 ] } },
{ "type": "Feature", "properties": { "osm_id": 8622675367, "name": "Tanda", "place": "village", "osm_population": null }, "geometry": { "type": "Point", "coordinates": [ 76.4085388, 32.1013715 ] } },
{ "type": "Feature", "properties": { "osm_id": 8622675368, "name": "Och", "place": "village", "osm_population": null }, "geometry": { "type": "Point", "coordinates": [ 76.3874674, 32.0925189 ] } },
{ "type": "Feature", "properties": { "osm_id": 8622675369, "name": "Kirchamba", "place": "village", "osm_population": null }, "geometry": { "type": "Point", "coordinates": [ 76.3962865, 32.1054249 ] } },
{ "type": "Feature", "properties": { "osm_id": 8622675370, "name": "Ambwari", "place": "village", "osm_population": null }, "geometry": { "type": "Point", "coordinates": [ 76.4065218, 32.1143126 ] } },
{ "type": "Feature", "properties": { "osm_id": 8622675371, "name": "Hatwas", "place": "village", "osm_population": null }, "geometry": { "type": "Point", "coordinates": [ 76.4030885, 32.1102778 ] } },
{ "type": "Feature", "properties": { "osm_id": 8622675372, "name": "Hatwas", "place": "village", "osm_population": null }, "geometry": { "type": "Point", "coordinates": [ 76.400814, 32.1179475 ] } },
{ "type": "Feature", "properties": { "osm_id": 8622675373, "name": "Kirchamba", "place": "village", "osm_population": null }, "geometry": { "type": "Point", "coordinates": [ 76.391201, 32.1140945 ] } },
{ "type": "Feature", "properties": { "osm_id": 8622675374, "name": "Chahri", "place": "village", "osm_population": null }, "geometry": { "type": "Point", "coordinates": [ 76.3919735, 32.1181655 ] } },
{ "type": "Feature", "properties": { "osm_id": 8622675375, "name": "Pankhar", "place": "village", "osm_population": null }, "geometry": { "type": "Point", "coordinates": [ 76.4141822, 32.1145307 ] } },
{ "type": "Feature", "properties": { "osm_id": 8622675376, "name": "Majhetlibuhli", "place": "village", "osm_population": null }, "geometry": { "type": "Point", "coordinates": [ 76.4218855, 32.119374 ] } },
{ "type": "Feature", "properties": { "osm_id": 8622675377, "name": "Bhamnehr", "place": "hamlet", "osm_population": null }, "geometry": { "type": "Point", "coordinates": [ 76.4209413, 32.1235993 ] } },
{ "type": "Feature", "properties": { "osm_id": 8622675378, "name": "Sakrehr", "place": "village", "osm_population": null }, "geometry": { "type": "Point", "coordinates": [ 76.4182269, 32.1262797 ] } },
{ "type": "Feature", "properties": { "osm_id": 8622675379, "name": "Matehr", "place": "village", "osm_population": null }, "geometry": { "type": "Point", "coordinates": [ 76.4078736, 32.1245806 ] } },
{ "type": "Feature", "properties": { "osm_id": 8622675380, "name": "Lakhamandal", "place": "village", "osm_population": null }, "geometry": { "type": "Point", "coordinates": [ 76.4084744, 32.1271701 ] } },
{ "type": "Feature", "properties": { "osm_id": 8622675381, "name": "Gidiara", "place": "village", "osm_population": null }, "geometry": { "type": "Point", "coordinates": [ 76.4008784, 32.1229087 ] } },
{ "type": "Feature", "properties": { "osm_id": 8622675382, "name": "unnamed_8622675382", "place": "village", "osm_population": null }, "geometry": { "type": "Point", "coordinates": [ 76.390965, 32.1231086 ] } },
{ "type": "Feature", "properties": { "osm_id": 8622675383, "name": "Ranhun", "place": "village", "osm_population": null }, "geometry": { "type": "Point", "coordinates": [ 76.3848495, 32.1233085 ] } },
{ "type": "Feature", "properties": { "osm_id": 8622675384, "name": "Jasunsamula", "place": "village", "osm_population": null }, "geometry": { "type": "Point", "coordinates": [ 76.4880609, 32.0874469 ] } },
{ "type": "Feature", "properties": { "osm_id": 8622675385, "name": "Arathuparli", "place": "hamlet", "osm_population": null }, "geometry": { "type": "Point", "coordinates": [ 76.4694786, 32.1054431 ] } },
{ "type": "Feature", "properties": { "osm_id": 8622675386, "name": "Rai", "place": "village", "osm_population": null }, "geometry": { "type": "Point", "coordinates": [ 76.4757013, 32.1040435 ] } },
{ "type": "Feature", "properties": { "osm_id": 8622675387, "name": "Padra", "place": "village", "osm_population": null }, "geometry": { "type": "Point", "coordinates": [ 76.4670539, 32.110714 ] } },
{ "type": "Feature", "properties": { "osm_id": 8622675388, "name": "Ghartthun", "place": "village", "osm_population": null }, "geometry": { "type": "Point", "coordinates": [ 76.4628696, 32.108533 ] } },
{ "type": "Feature", "properties": { "osm_id": 8622675389, "name": "Barahamtheru", "place": "village", "osm_population": null }, "geometry": { "type": "Point", "coordinates": [ 76.4577198, 32.1019532 ] } },
{ "type": "Feature", "properties": { "osm_id": 8622675390, "name": "Gadiara", "place": "hamlet", "osm_population": null }, "geometry": { "type": "Point", "coordinates": [ 76.4530206, 32.1052068 ] } },
{ "type": "Feature", "properties": { "osm_id": 8622675391, "name": "Dhorot", "place": "hamlet", "osm_population": null }, "geometry": { "type": "Point", "coordinates": [ 76.4552521, 32.0964818 ] } },
{ "type": "Feature", "properties": { "osm_id": 8622675392, "name": "Menjhabuhla", "place": "village", "osm_population": null }, "geometry": { "type": "Point", "coordinates": [ 76.4788341, 32.0966999 ] } },
{ "type": "Feature", "properties": { "osm_id": 8622675393, "name": "Ghasanpat", "place": "hamlet", "osm_population": null }, "geometry": { "type": "Point", "coordinates": [ 76.4657771, 32.0890467 ] } },
{ "type": "Feature", "properties": { "osm_id": 8622675394, "name": "Mohrla", "place": "village", "osm_population": null }, "geometry": { "type": "Point", "coordinates": [ 76.4953136, 32.0980996 ] } },
{ "type": "Feature", "properties": { "osm_id": 8622675395, "name": "Sidhpusarkari", "place": "village", "osm_population": null }, "geometry": { "type": "Point", "coordinates": [ 76.4912367, 32.0930097 ] } },
{ "type": "Feature", "properties": { "osm_id": 8622675396, "name": "Ghadwal", "place": "village", "osm_population": null }, "geometry": { "type": "Point", "coordinates": [ 76.4959466, 32.1029438 ] } },
{ "type": "Feature", "properties": { "osm_id": 8622675397, "name": "Mat", "place": "village", "osm_population": null }, "geometry": { "type": "Point", "coordinates": [ 76.4896273, 32.1019895 ] } },
{ "type": "Feature", "properties": { "osm_id": 8622675398, "name": "Monjhauparla", "place": "village", "osm_population": null }, "geometry": { "type": "Point", "coordinates": [ 76.4870095, 32.1060429 ] } },
{ "type": "Feature", "properties": { "osm_id": 8622675399, "name": "Bhagotla", "place": "hamlet", "osm_population": null }, "geometry": { "type": "Point", "coordinates": [ 76.4983499, 32.1171023 ] } },
{ "type": "Feature", "properties": { "osm_id": 8622675400, "name": "Ramrachan", "place": "hamlet", "osm_population": null }, "geometry": { "type": "Point", "coordinates": [ 76.4951634, 32.1212641 ] } },
{ "type": "Feature", "properties": { "osm_id": 8622675401, "name": "Panharkar", "place": "village", "osm_population": null }, "geometry": { "type": "Point", "coordinates": [ 76.4862156, 32.1150123 ] } },
{ "type": "Feature", "properties": { "osm_id": 8622675402, "name": "Latwala", "place": "village", "osm_population": null }, "geometry": { "type": "Point", "coordinates": [ 76.4794564, 32.1143671 ] } },
{ "type": "Feature", "properties": { "osm_id": 8622675403, "name": "Balehr", "place": "village", "osm_population": null }, "geometry": { "type": "Point", "coordinates": [ 76.4776111, 32.1232267 ] } },
{ "type": "Feature", "properties": { "osm_id": 8622675404, "name": "Marhi", "place": "hamlet", "osm_population": null }, "geometry": { "type": "Point", "coordinates": [ 76.4640713, 32.1215548 ] } },
{ "type": "Feature", "properties": { "osm_id": 8622675405, "name": "Darathi", "place": "village", "osm_population": null }, "geometry": { "type": "Point", "coordinates": [ 76.4588463, 32.1173204 ] } },
{ "type": "Feature", "properties": { "osm_id": 8622675406, "name": "Asanpat", "place": "village", "osm_population": null }, "geometry": { "type": "Point", "coordinates": [ 76.4524412, 32.1195104 ] } },
{ "type": "Feature", "properties": { "osm_id": 8622675407, "name": "Darati", "place": "village", "osm_population": null }, "geometry": { "type": "Point", "coordinates": [ 76.457076, 32.1251076 ] } },
{ "type": "Feature", "properties": { "osm_id": 8622675408, "name": "Kawari", "place": "village", "osm_population": null }, "geometry": { "type": "Point", "coordinates": [ 76.3869095, 32.1267794 ] } },
{ "type": "Feature", "properties": { "osm_id": 8622675409, "name": "Lidbar", "place": "village", "osm_population": null }, "geometry": { "type": "Point", "coordinates": [ 76.3769638, 32.1048251 ] } },
{ "type": "Feature", "properties": { "osm_id": 8622675410, "name": "Habibpur", "place": "village", "osm_population": null }, "geometry": { "type": "Point", "coordinates": [ 76.3808155, 32.1118045 ] } },
{ "type": "Feature", "properties": { "osm_id": 8622675411, "name": "Diwanbagh", "place": "village", "osm_population": null }, "geometry": { "type": "Point", "coordinates": [ 76.3753223, 32.1120953 ] } },
{ "type": "Feature", "properties": { "osm_id": 8622675412, "name": "Lahlesar", "place": "village", "osm_population": null }, "geometry": { "type": "Point", "coordinates": [ 76.3764381, 32.1161482 ] } },
{ "type": "Feature", "properties": { "osm_id": 8622675413, "name": "Kathwari", "place": "village", "osm_population": null }, "geometry": { "type": "Point", "coordinates": [ 76.3712454, 32.1145307 ] } },
{ "type": "Feature", "properties": { "osm_id": 8622675414, "name": "Dholai", "place": "village", "osm_population": null }, "geometry": { "type": "Point", "coordinates": [ 76.3833475, 32.1170933 ] } },
{ "type": "Feature", "properties": { "osm_id": 8622675415, "name": "Khaskawari", "place": "village", "osm_population": null }, "geometry": { "type": "Point", "coordinates": [ 76.3796997, 32.118111 ] } },
{ "type": "Feature", "properties": { "osm_id": 8622675416, "name": "Ghurb", "place": "village", "osm_population": null }, "geometry": { "type": "Point", "coordinates": [ 76.3822102, 32.1006263 ] } },
{ "type": "Feature", "properties": { "osm_id": 8622721717, "name": "Tarind", "place": "village", "osm_population": null }, "geometry": { "type": "Point", "coordinates": [ 76.3665247, 32.1039708 ] } },
{ "type": "Feature", "properties": { "osm_id": 8622721718, "name": "Tharu", "place": "village", "osm_population": null }, "geometry": { "type": "Point", "coordinates": [ 76.3676405, 32.1113865 ] } },
{ "type": "Feature", "properties": { "osm_id": 8622721719, "name": "Behrabanjar", "place": "village", "osm_population": null }, "geometry": { "type": "Point", "coordinates": [ 76.3413334, 32.0875741 ] } },
{ "type": "Feature", "properties": { "osm_id": 8622721720, "name": "Amtrar", "place": "village", "osm_population": null }, "geometry": { "type": "Point", "coordinates": [ 76.337235, 32.0860107 ] } },
{ "type": "Feature", "properties": { "osm_id": 8622721721, "name": "Naugaza", "place": "village", "osm_population": null }, "geometry": { "type": "Point", "coordinates": [ 76.3312483, 32.0865743 ] } },
{ "type": "Feature", "properties": { "osm_id": 8622721722, "name": "Bhati", "place": "hamlet", "osm_population": null }, "geometry": { "type": "Point", "coordinates": [ 76.3742924, 32.0808156 ] } },
{ "type": "Feature", "properties": { "osm_id": 8622721723, "name": "Bhadrehr", "place": "village", "osm_population": null }, "geometry": { "type": "Point", "coordinates": [ 76.3806867, 32.0865561 ] } },
{ "type": "Feature", "properties": { "osm_id": 8622721724, "name": "Kachhrehr", "place": "village", "osm_population": null }, "geometry": { "type": "Point", "coordinates": [ 76.3554954, 32.0914645 ] } },
{ "type": "Feature", "properties": { "osm_id": 8622721725, "name": "Samloti", "place": "village", "osm_population": null }, "geometry": { "type": "Point", "coordinates": [ 76.3505602, 32.0845744 ] } },
{ "type": "Feature", "properties": { "osm_id": 8622721726, "name": "Masandkar", "place": "village", "osm_population": null }, "geometry": { "type": "Point", "coordinates": [ 76.3576412, 32.0858652 ] } },
{ "type": "Feature", "properties": { "osm_id": 8622721727, "name": "Momtakhas", "place": "village", "osm_population": null }, "geometry": { "type": "Point", "coordinates": [ 76.366117, 32.087356 ] } },
{ "type": "Feature", "properties": { "osm_id": 8622721728, "name": "Khaswarar", "place": "village", "osm_population": null }, "geometry": { "type": "Point", "coordinates": [ 76.3511395, 32.0972453 ] } },
{ "type": "Feature", "properties": { "osm_id": 8622721729, "name": "Sunehr", "place": "village", "osm_population": null }, "geometry": { "type": "Point", "coordinates": [ 76.339767, 32.0927189 ] } },
{ "type": "Feature", "properties": { "osm_id": 8622721730, "name": "Lili", "place": "village", "osm_population": null }, "geometry": { "type": "Point", "coordinates": [ 76.3256907, 32.0811565 ] } },
{ "type": "Feature", "properties": { "osm_id": 8622721731, "name": "Gherun", "place": "village", "osm_population": null }, "geometry": { "type": "Point", "coordinates": [ 76.3207125, 32.08352 ] } },
{ "type": "Feature", "properties": { "osm_id": 8622721732, "name": "Dhar", "place": "hamlet", "osm_population": null }, "geometry": { "type": "Point", "coordinates": [ 76.3134813, 32.0805474 ] } },
{ "type": "Feature", "properties": { "osm_id": 8622721733, "name": "Thanpuri", "place": "village", "osm_population": null }, "geometry": { "type": "Point", "coordinates": [ 76.3314628, 32.0966818 ] } },
{ "type": "Feature", "properties": { "osm_id": 8622721734, "name": "Jurgehr", "place": "village", "osm_population": null }, "geometry": { "type": "Point", "coordinates": [ 76.3480711, 32.1045706 ] } },
{ "type": "Feature", "properties": { "osm_id": 8622721735, "name": "Khasjasor", "place": "village", "osm_population": null }, "geometry": { "type": "Point", "coordinates": [ 76.3424921, 32.1100234 ] } },
{ "type": "Feature", "properties": { "osm_id": 8622721736, "name": "Bheru", "place": "village", "osm_population": null }, "geometry": { "type": "Point", "coordinates": [ 76.3512039, 32.1147852 ] } },
{ "type": "Feature", "properties": { "osm_id": 8622721737, "name": "Khasronkhar", "place": "village", "osm_population": null }, "geometry": { "type": "Point", "coordinates": [ 76.344037, 32.1193195 ] } },
{ "type": "Feature", "properties": { "osm_id": 8622721738, "name": "Balbhar", "place": "hamlet", "osm_population": null }, "geometry": { "type": "Point", "coordinates": [ 76.3560748, 32.1217638 ] } },
{ "type": "Feature", "properties": { "osm_id": 8622721739, "name": "Shera", "place": "village", "osm_population": null }, "geometry": { "type": "Point", "coordinates": [ 76.3539076, 32.1248713 ] } },
{ "type": "Feature", "properties": { "osm_id": 8622721740, "name": "Buner", "place": "village", "osm_population": 1000000.0 }, "geometry": { "type": "Point", "coordinates": [ 76.3639283, 32.1201828 ] } },
{ "type": "Feature", "properties": { "osm_id": 8622721741, "name": "Manjwar", "place": "village", "osm_population": null }, "geometry": { "type": "Point", "coordinates": [ 76.3673615, 32.124308 ] } },
{ "type": "Feature", "properties": { "osm_id": 8622721742, "name": "Uprehr", "place": "village", "osm_population": null }, "geometry": { "type": "Point", "coordinates": [ 76.3709235, 32.1285603 ] } },
{ "type": "Feature", "properties": { "osm_id": 8622721743, "name": "Khasmundla", "place": "village", "osm_population": null }, "geometry": { "type": "Point", "coordinates": [ 76.3234591, 32.0893739 ] } },
{ "type": "Feature", "properties": { "osm_id": 8622721744, "name": "Neharkhola", "place": "village", "osm_population": null }, "geometry": { "type": "Point", "coordinates": [ 76.3186312, 32.0908101 ] } },
{ "type": "Feature", "properties": { "osm_id": 8622721745, "name": "Bhati", "place": "hamlet", "osm_population": null }, "geometry": { "type": "Point", "coordinates": [ 76.3029671, 32.0874287 ] } },
{ "type": "Feature", "properties": { "osm_id": 8622721746, "name": "Gabhlaandrar", "place": "village", "osm_population": null }, "geometry": { "type": "Point", "coordinates": [ 76.3071084, 32.0825746 ] } },
{ "type": "Feature", "properties": { "osm_id": 8622721747, "name": "Dehraarla", "place": "hamlet", "osm_population": null }, "geometry": { "type": "Point", "coordinates": [ 76.2943196, 32.0920462 ] } },
{ "type": "Feature", "properties": { "osm_id": 8622721748, "name": "Tarsuh", "place": "village", "osm_population": null }, "geometry": { "type": "Point", "coordinates": [ 76.2808871, 32.0929643 ] } },
{ "type": "Feature", "properties": { "osm_id": 8622721749, "name": "Palwana", "place": "village", "osm_population": null }, "geometry": { "type": "Point", "coordinates": [ 76.2735808, 32.0876105 ] } },
{ "type": "Feature", "properties": { "osm_id": 8622721750, "name": "Kaswara", "place": "village", "osm_population": null }, "geometry": { "type": "Point", "coordinates": [ 76.2644076, 32.0857925 ] } },
{ "type": "Feature", "properties": { "osm_id": 8622721751, "name": "Samela", "place": "village", "osm_population": null }, "geometry": { "type": "Point", "coordinates": [ 76.2580991, 32.0816292 ] } },
{ "type": "Feature", "properties": { "osm_id": 8622721752, "name": "Kaler", "place": "village", "osm_population": null }, "geometry": { "type": "Point", "coordinates": [ 76.3337802, 32.1160937 ] } },
{ "type": "Feature", "properties": { "osm_id": 8622721753, "name": "Paud", "place": "village", "osm_population": null }, "geometry": { "type": "Point", "coordinates": [ 76.3397884, 32.1220183 ] } },
{ "type": "Feature", "properties": { "osm_id": 8622721754, "name": "Paud", "place": "village", "osm_population": null }, "geometry": { "type": "Point", "coordinates": [ 76.3314628, 32.1199102 ] } },
{ "type": "Feature", "properties": { "osm_id": 8622721755, "name": "Kholi", "place": "hamlet", "osm_population": null }, "geometry": { "type": "Point", "coordinates": [ 76.320219, 32.1211278 ] } },
{ "type": "Feature", "properties": { "osm_id": 8622721756, "name": "Uprehr", "place": "village", "osm_population": null }, "geometry": { "type": "Point", "coordinates": [ 76.3189745, 32.1147852 ] } },
{ "type": "Feature", "properties": { "osm_id": 8622721757, "name": "Bhatanal", "place": "village", "osm_population": null }, "geometry": { "type": "Point", "coordinates": [ 76.30934, 32.1142944 ] } },
{ "type": "Feature", "properties": { "osm_id": 8622721758, "name": "Simbalkhola", "place": "hamlet", "osm_population": null }, "geometry": { "type": "Point", "coordinates": [ 76.3211202, 32.1250167 ] } },
{ "type": "Feature", "properties": { "osm_id": 8622721759, "name": "Kharsrajiana", "place": "village", "osm_population": null }, "geometry": { "type": "Point", "coordinates": [ 76.324532, 32.1029893 ] } },
{ "type": "Feature", "properties": { "osm_id": 8622721760, "name": "Bodarballa", "place": "village", "osm_population": null }, "geometry": { "type": "Point", "coordinates": [ 76.2937832, 32.1011898 ] } },
{ "type": "Feature", "properties": { "osm_id": 8622721761, "name": "Sadrpur", "place": "village", "osm_population": null }, "geometry": { "type": "Point", "coordinates": [ 76.3154554, 32.0981723 ] } },
{ "type": "Feature", "properties": { "osm_id": 8622721762, "name": "Jogipur", "place": "village", "osm_population": null }, "geometry": { "type": "Point", "coordinates": [ 76.2884187, 32.1056612 ] } },
{ "type": "Feature", "properties": { "osm_id": 8622721763, "name": "Lulehr", "place": "village", "osm_population": null }, "geometry": { "type": "Point", "coordinates": [ 76.2958002, 32.1097326 ] } },
{ "type": "Feature", "properties": { "osm_id": 8622721764, "name": "Rehalpur", "place": "village", "osm_population": null }, "geometry": { "type": "Point", "coordinates": [ 76.2857151, 32.1116228 ] } },
{ "type": "Feature", "properties": { "osm_id": 8622721765, "name": "Sibkara", "place": "village", "osm_population": null }, "geometry": { "type": "Point", "coordinates": [ 76.2794924, 32.1156212 ] } },
{ "type": "Feature", "properties": { "osm_id": 8622721766, "name": "Natehr", "place": "village", "osm_population": null }, "geometry": { "type": "Point", "coordinates": [ 76.2698364, 32.1126042 ] } },
{ "type": "Feature", "properties": { "osm_id": 8622721767, "name": "Sunehr", "place": "village", "osm_population": null }, "geometry": { "type": "Point", "coordinates": [ 76.2957787, 32.1207643 ] } },
{ "type": "Feature", "properties": { "osm_id": 8622721768, "name": "Kotkawal", "place": "village", "osm_population": null }, "geometry": { "type": "Point", "coordinates": [ 76.2773144, 32.1279151 ] } },
{ "type": "Feature", "properties": { "osm_id": 8622721769, "name": "Zamanabadkhas", "place": "village", "osm_population": null }, "geometry": { "type": "Point", "coordinates": [ 76.2688493, 32.1227088 ] } },
{ "type": "Feature", "properties": { "osm_id": 8622721770, "name": "Mehalu", "place": "village", "osm_population": null }, "geometry": { "type": "Point", "coordinates": [ 76.2604808, 32.1174749 ] } },
{ "type": "Feature", "properties": { "osm_id": 8622721771, "name": "Abdullahpur", "place": "village", "osm_population": null }, "geometry": { "type": "Point", "coordinates": [ 76.2622832, 32.127361 ] } },
{ "type": "Feature", "properties": { "osm_id": 8622756310, "name": "Mundha", "place": "village", "osm_population": null }, "geometry": { "type": "Point", "coordinates": [ 76.3116789, 32.0328186 ] } },
{ "type": "Feature", "properties": { "osm_id": 8622756311, "name": "Balwana", "place": "hamlet", "osm_population": null }, "geometry": { "type": "Point", "coordinates": [ 76.3117432, 32.0420589 ] } },
{ "type": "Feature", "properties": { "osm_id": 8622756312, "name": "Tikri", "place": "hamlet", "osm_population": null }, "geometry": { "type": "Point", "coordinates": [ 76.317172, 32.0390214 ] } },
{ "type": "Feature", "properties": { "osm_id": 8622756313, "name": "Mahulahr", "place": "hamlet", "osm_population": null }, "geometry": { "type": "Point", "coordinates": [ 76.2990188, 32.0400399 ] } },
{ "type": "Feature", "properties": { "osm_id": 8622756314, "name": "Bhurlahr", "place": "village", "osm_population": null }, "geometry": { "type": "Point", "coordinates": [ 76.2902212, 32.0367022 ] } },
{ "type": "Feature", "properties": { "osm_id": 8622756315, "name": "Uprehr", "place": "hamlet", "osm_population": null }, "geometry": { "type": "Point", "coordinates": [ 76.2936437, 32.0399581 ] } },
{ "type": "Feature", "properties": { "osm_id": 8622756316, "name": "Balotkhas", "place": "hamlet", "osm_population": null }, "geometry": { "type": "Point", "coordinates": [ 76.2903929, 32.0397944 ] } },
{ "type": "Feature", "properties": { "osm_id": 8622788273, "name": "Sihol", "place": "village", "osm_population": null }, "geometry": { "type": "Point", "coordinates": [ 76.4824712, 32.0283436 ] } },
{ "type": "Feature", "properties": { "osm_id": 8622788274, "name": "Bodah Uparla", "place": "village", "osm_population": null }, "geometry": { "type": "Point", "coordinates": [ 76.4722466, 32.0263061 ] } },
{ "type": "Feature", "properties": { "osm_id": 8622788275, "name": "Banbhartlu", "place": "village", "osm_population": null }, "geometry": { "type": "Point", "coordinates": [ 76.4800358, 32.0151902 ] } },
{ "type": "Feature", "properties": { "osm_id": 8622788276, "name": "Bodah Buhla", "place": "village", "osm_population": null }, "geometry": { "type": "Point", "coordinates": [ 76.4737487, 32.0195566 ] } },
{ "type": "Feature", "properties": { "osm_id": 8622788277, "name": "Chogan", "place": "village", "osm_population": null }, "geometry": { "type": "Point", "coordinates": [ 76.4799499, 32.0120061 ] } },
{ "type": "Feature", "properties": { "osm_id": 8622788278, "name": "Seotu Buhla", "place": "village", "osm_population": null }, "geometry": { "type": "Point", "coordinates": [ 76.46317, 32.0061654 ] } },
{ "type": "Feature", "properties": { "osm_id": 8622788279, "name": "Seotu Uparla", "place": "village", "osm_population": null }, "geometry": { "type": "Point", "coordinates": [ 76.4597905, 32.0108962 ] } },
{ "type": "Feature", "properties": { "osm_id": 8622788280, "name": "Kohana", "place": "village", "osm_population": null }, "geometry": { "type": "Point", "coordinates": [ 76.4546728, 32.0052829 ] } },
{ "type": "Feature", "properties": { "osm_id": 8622788281, "name": "Tharkehr", "place": "village", "osm_population": null }, "geometry": { "type": "Point", "coordinates": [ 76.4515293, 32.0028537 ] } },
{ "type": "Feature", "properties": { "osm_id": 8622788282, "name": "Ulher", "place": "village", "osm_population": null }, "geometry": { "type": "Point", "coordinates": [ 76.4525914, 31.9989868 ] } },
{ "type": "Feature", "properties": { "osm_id": 8622788284, "name": "Baloti", "place": "village", "osm_population": null }, "geometry": { "type": "Point", "coordinates": [ 76.4518404, 32.0085309 ] } },
{ "type": "Feature", "properties": { "osm_id": 8622788285, "name": "Lahr Uparla", "place": "village", "osm_population": null }, "geometry": { "type": "Point", "coordinates": [ 76.4500809, 32.0156814 ] } },
{ "type": "Feature", "properties": { "osm_id": 8622788286, "name": "Rarah", "place": "village", "osm_population": null }, "geometry": { "type": "Point", "coordinates": [ 76.4642644, 32.0235773 ] } },
{ "type": "Feature", "properties": { "osm_id": 8622788287, "name": "Rakkar", "place": "village", "osm_population": null }, "geometry": { "type": "Point", "coordinates": [ 76.4580631, 32.0193929 ] } },
{ "type": "Feature", "properties": { "osm_id": 8622788288, "name": "Och", "place": "village", "osm_population": null }, "geometry": { "type": "Point", "coordinates": [ 76.4493942, 32.0245233 ] } },
{ "type": "Feature", "properties": { "osm_id": 8622788289, "name": "Kurl", "place": "hamlet", "osm_population": null }, "geometry": { "type": "Point", "coordinates": [ 76.4566684, 32.0269974 ] } },
{ "type": "Feature", "properties": { "osm_id": 8622788290, "name": "Khas Gaggal", "place": "village", "osm_population": null }, "geometry": { "type": "Point", "coordinates": [ 76.4519691, 32.0335644 ] } },
{ "type": "Feature", "properties": { "osm_id": 8622788291, "name": "Mat", "place": "village", "osm_population": null }, "geometry": { "type": "Point", "coordinates": [ 76.4712167, 32.0338009 ] } },
{ "type": "Feature", "properties": { "osm_id": 8622788292, "name": "Nanaun Khas", "place": "village", "osm_population": null }, "geometry": { "type": "Point", "coordinates": [ 76.4678693, 32.0367295 ] } },
{ "type": "Feature", "properties": { "osm_id": 8622788293, "name": "Garladai", "place": "village", "osm_population": null }, "geometry": { "type": "Point", "coordinates": [ 76.4760446, 32.0438596 ] } },
{ "type": "Feature", "properties": { "osm_id": 8622788294, "name": "Pandtehr", "place": "village", "osm_population": null }, "geometry": { "type": "Point", "coordinates": [ 76.4706802, 32.0445144 ] } },
{ "type": "Feature", "properties": { "osm_id": 8622788295, "name": "Balla", "place": "village", "osm_population": null }, "geometry": { "type": "Point", "coordinates": [ 76.4732551, 32.0516985 ] } },
{ "type": "Feature", "properties": { "osm_id": 8622788296, "name": "Garlasarkari", "place": "village", "osm_population": null }, "geometry": { "type": "Point", "coordinates": [ 76.4776754, 32.0504982 ] } },
{ "type": "Feature", "properties": { "osm_id": 8622788297, "name": "Kekrain", "place": "village", "osm_population": null }, "geometry": { "type": "Point", "coordinates": [ 76.4652729, 32.0501344 ] } },
{ "type": "Feature", "properties": { "osm_id": 8622788298, "name": "Panari Khas", "place": "village", "osm_population": null }, "geometry": { "type": "Point", "coordinates": [ 76.455059, 32.0494433 ] } },
{ "type": "Feature", "properties": { "osm_id": 8622788299, "name": "Kholi", "place": "village", "osm_population": null }, "geometry": { "type": "Point", "coordinates": [ 76.448493, 32.0449327 ] } },
{ "type": "Feature", "properties": { "osm_id": 8622788300, "name": "Ghartholi", "place": "village", "osm_population": null }, "geometry": { "type": "Point", "coordinates": [ 76.4506602, 32.0595549 ] } },
{ "type": "Feature", "properties": { "osm_id": 8622815989, "name": "Machhelna", "place": "hamlet", "osm_population": null }, "geometry": { "type": "Point", "coordinates": [ 76.4614534, 32.07092 ] } },
{ "type": "Feature", "properties": { "osm_id": 8622815990, "name": "Balla", "place": "village", "osm_population": null }, "geometry": { "type": "Point", "coordinates": [ 76.453557, 32.0708655 ] } },
{ "type": "Feature", "properties": { "osm_id": 8622815991, "name": "Paror Khas", "place": "village", "osm_population": null }, "geometry": { "type": "Point", "coordinates": [ 76.4548015, 32.0753384 ] } },
{ "type": "Feature", "properties": { "osm_id": 8622815992, "name": "Kharota", "place": "village", "osm_population": null }, "geometry": { "type": "Point", "coordinates": [ 76.4521408, 32.0663559 ] } },
{ "type": "Feature", "properties": { "osm_id": 8622815993, "name": "Lahartara", "place": "hamlet", "osm_population": null }, "geometry": { "type": "Point", "coordinates": [ 76.4673006, 32.0639465 ] } },
{ "type": "Feature", "properties": { "osm_id": 8622815994, "name": "Raipurkhas", "place": "village", "osm_population": null }, "geometry": { "type": "Point", "coordinates": [ 76.4807868, 32.0659559 ] } },
{ "type": "Feature", "properties": { "osm_id": 8622815995, "name": "Khathiara", "place": "village", "osm_population": null }, "geometry": { "type": "Point", "coordinates": [ 76.4878678, 32.0604641 ] } },
{ "type": "Feature", "properties": { "osm_id": 8622815996, "name": "Saloh", "place": "village", "osm_population": null }, "geometry": { "type": "Point", "coordinates": [ 76.4922452, 32.0695017 ] } },
{ "type": "Feature", "properties": { "osm_id": 8622815997, "name": "Salanbari", "place": "hamlet", "osm_population": null }, "geometry": { "type": "Point", "coordinates": [ 76.4855075, 32.0755929 ] } },
{ "type": "Feature", "properties": { "osm_id": 8622815998, "name": "Khathiara", "place": "village", "osm_population": null }, "geometry": { "type": "Point", "coordinates": [ 76.4761948, 32.0736838 ] } },
{ "type": "Feature", "properties": { "osm_id": 8622815999, "name": "Salanchhoti", "place": "village", "osm_population": null }, "geometry": { "type": "Point", "coordinates": [ 76.4744782, 32.0692108 ] } },
{ "type": "Feature", "properties": { "osm_id": 8622816000, "name": "Pharehr", "place": "village", "osm_population": null }, "geometry": { "type": "Point", "coordinates": [ 76.4736843, 32.0767929 ] } },
{ "type": "Feature", "properties": { "osm_id": 8622816001, "name": "Mansimbal", "place": "village", "osm_population": null }, "geometry": { "type": "Point", "coordinates": [ 76.4971804, 32.0510619 ] } },
{ "type": "Feature", "properties": { "osm_id": 8622816002, "name": "Henja", "place": "village", "osm_population": null }, "geometry": { "type": "Point", "coordinates": [ 76.4834261, 32.039367 ] } },
{ "type": "Feature", "properties": { "osm_id": 8622816003, "name": "Badghawar", "place": "village", "osm_population": null }, "geometry": { "type": "Point", "coordinates": [ 76.4944553, 32.0377663 ] } },
{ "type": "Feature", "properties": { "osm_id": 8622816004, "name": "Bari", "place": "village", "osm_population": null }, "geometry": { "type": "Point", "coordinates": [ 76.4938116, 32.0209211 ] } },
{ "type": "Feature", "properties": { "osm_id": 8622816005, "name": "Gujrehra", "place": "hamlet", "osm_population": null }, "geometry": { "type": "Point", "coordinates": [ 76.491301, 32.0157178 ] } },
{ "type": "Feature", "properties": { "osm_id": 8622816006, "name": "Samana", "place": "hamlet", "osm_population": null }, "geometry": { "type": "Point", "coordinates": [ 76.4868593, 32.0084399 ] } },
{ "type": "Feature", "properties": { "osm_id": 8622816007, "name": "Baskehr", "place": "village", "osm_population": null }, "geometry": { "type": "Point", "coordinates": [ 76.4789414, 32.0056014 ] } },
{ "type": "Feature", "properties": { "osm_id": 8622816008, "name": "Qasba", "place": "village", "osm_population": null }, "geometry": { "type": "Point", "coordinates": [ 76.4759159, 32.0001424 ] } },
{ "type": "Feature", "properties": { "osm_id": 8622824017, "name": "Digarlahr", "place": "village", "osm_population": null }, "geometry": { "type": "Point", "coordinates": [ 76.30095, 32.0437323 ] } },
{ "type": "Feature", "properties": { "osm_id": 8622824018, "name": "Kasetkar", "place": "hamlet", "osm_population": null }, "geometry": { "type": "Point", "coordinates": [ 76.2989867, 32.0235591 ] } },
{ "type": "Feature", "properties": { "osm_id": 8622824019, "name": "Khassunhi", "place": "village", "osm_population": null }, "geometry": { "type": "Point", "coordinates": [ 76.2949526, 32.0268609 ] } },
{ "type": "Feature", "properties": { "osm_id": 8622824020, "name": "Chandrotkhas", "place": "village", "osm_population": null }, "geometry": { "type": "Point", "coordinates": [ 76.2904465, 32.0201661 ] } },
{ "type": "Feature", "properties": { "osm_id": 8622824021, "name": "Damtehr", "place": "village", "osm_population": null }, "geometry": { "type": "Point", "coordinates": [ 76.2895345, 32.0225858 ] } },
{ "type": "Feature", "properties": { "osm_id": 8622824022, "name": "Kandha", "place": "village", "osm_population": null }, "geometry": { "type": "Point", "coordinates": [ 76.2834191, 32.0213578 ] } },
{ "type": "Feature", "properties": { "osm_id": 8622824023, "name": "Uprehr", "place": "hamlet", "osm_population": null }, "geometry": { "type": "Point", "coordinates": [ 76.2797391, 32.0235136 ] } },
{ "type": "Feature", "properties": { "osm_id": 8622824024, "name": "Balu", "place": "hamlet", "osm_population": null }, "geometry": { "type": "Point", "coordinates": [ 76.2768101, 32.0242322 ] } },
{ "type": "Feature", "properties": { "osm_id": 8622824025, "name": "Gobarnand", "place": "village", "osm_population": null }, "geometry": { "type": "Point", "coordinates": [ 76.2776899, 32.0201934 ] } },
{ "type": "Feature", "properties": { "osm_id": 8622824026, "name": "Tarkhankar", "place": "hamlet", "osm_population": null }, "geometry": { "type": "Point", "coordinates": [ 76.2721646, 32.0241321 ] } },
{ "type": "Feature", "properties": { "osm_id": 8622824027, "name": "unnamed_8622824027", "place": "village", "osm_population": null }, "geometry": { "type": "Point", "coordinates": [ 76.2812411, 32.0353197 ] } },
{ "type": "Feature", "properties": { "osm_id": 8622824028, "name": "Upparla Sakreha", "place": "hamlet", "osm_population": null }, "geometry": { "type": "Point", "coordinates": [ 76.2729263, 32.0330005 ] } },
{ "type": "Feature", "properties": { "osm_id": 8622824029, "name": "Muktehr", "place": "hamlet", "osm_population": null }, "geometry": { "type": "Point", "coordinates": [ 76.2703073, 32.0148091 ] } },
{ "type": "Feature", "properties": { "osm_id": 8622824030, "name": "Thanakhas", "place": "village", "osm_population": null }, "geometry": { "type": "Point", "coordinates": [ 76.2758016, 32.0160271 ] } },
{ "type": "Feature", "properties": { "osm_id": 8622824031, "name": "Thatheru", "place": "village", "osm_population": null }, "geometry": { "type": "Point", "coordinates": [ 76.2675619, 32.0170823 ] } },
{ "type": "Feature", "properties": { "osm_id": 8622824032, "name": "Har", "place": "hamlet", "osm_population": null }, "geometry": { "type": "Point", "coordinates": [ 76.2645149, 32.0200661 ] } },
{ "type": "Feature", "properties": { "osm_id": 8622824033, "name": "unnamed_8622824033", "place": "hamlet", "osm_population": null }, "geometry": { "type": "Point", "coordinates": [ 76.3163995, 32.021285 ] } },
{ "type": "Feature", "properties": { "osm_id": 8622824034, "name": "Panol", "place": "village", "osm_population": null }, "geometry": { "type": "Point", "coordinates": [ 76.3084173, 32.0229951 ] } },
{ "type": "Feature", "properties": { "osm_id": 8622824035, "name": "Rehr", "place": "village", "osm_population": null }, "geometry": { "type": "Point", "coordinates": [ 76.2906074, 32.0138074 ] } },
{ "type": "Feature", "properties": { "osm_id": 8622824036, "name": "Kerta", "place": "hamlet", "osm_population": null }, "geometry": { "type": "Point", "coordinates": [ 76.2997699, 32.0119152 ] } },
{ "type": "Feature", "properties": { "osm_id": 8622824037, "name": "Barehr", "place": "hamlet", "osm_population": null }, "geometry": { "type": "Point", "coordinates": [ 76.306293, 32.0103504 ] } },
{ "type": "Feature", "properties": { "osm_id": 8622824038, "name": "Lahr", "place": "village", "osm_population": null }, "geometry": { "type": "Point", "coordinates": [ 76.2918949, 32.0001788 ] } },
{ "type": "Feature", "properties": { "osm_id": 8622824039, "name": "Garhi", "place": "hamlet", "osm_population": null }, "geometry": { "type": "Point", "coordinates": [ 76.2745074, 32.0089054 ] } },
{ "type": "Feature", "properties": { "osm_id": 8622824040, "name": "Lahr", "place": "village", "osm_population": null }, "geometry": { "type": "Point", "coordinates": [ 76.2648797, 32.0080396 ] } },
{ "type": "Feature", "properties": { "osm_id": 8622824041, "name": "Rajiahanakhas", "place": "village", "osm_population": null }, "geometry": { "type": "Point", "coordinates": [ 76.2499237, 32.0056923 ] } },
{ "type": "Feature", "properties": { "osm_id": 8622824042, "name": "Ghotarna", "place": "hamlet", "osm_population": null }, "geometry": { "type": "Point", "coordinates": [ 76.2520909, 32.0092405 ] } },
{ "type": "Feature", "properties": { "osm_id": 8622824043, "name": "Chelian", "place": "hamlet", "osm_population": null }, "geometry": { "type": "Point", "coordinates": [ 76.2581634, 32.0262515 ] } },
{ "type": "Feature", "properties": { "osm_id": 8622824044, "name": "Ghat", "place": "village", "osm_population": null }, "geometry": { "type": "Point", "coordinates": [ 76.250267, 32.0247052 ] } },
{ "type": "Feature", "properties": { "osm_id": 8622824045, "name": "Chondha", "place": "village", "osm_population": null }, "geometry": { "type": "Point", "coordinates": [ 76.2664246, 32.0416224 ] } },
{ "type": "Feature", "properties": { "osm_id": 8622824046, "name": "Rahalkar", "place": "village", "osm_population": null }, "geometry": { "type": "Point", "coordinates": [ 76.2519622, 32.0415496 ] } },
{ "type": "Feature", "properties": { "osm_id": 8622824047, "name": "Kalakar", "place": "village", "osm_population": null }, "geometry": { "type": "Point", "coordinates": [ 76.2657273, 32.0386212 ] } },
{ "type": "Feature", "properties": { "osm_id": 8622824048, "name": "Barchh", "place": "hamlet", "osm_population": null }, "geometry": { "type": "Point", "coordinates": [ 76.2616825, 32.0450964 ] } },
{ "type": "Feature", "properties": { "osm_id": 8622824049, "name": "Har", "place": "hamlet", "osm_population": null }, "geometry": { "type": "Point", "coordinates": [ 76.2676263, 32.0449691 ] } },
{ "type": "Feature", "properties": { "osm_id": 8622824050, "name": "Kuparlahr", "place": "village", "osm_population": null }, "geometry": { "type": "Point", "coordinates": [ 76.2505245, 32.0469698 ] } },
{ "type": "Feature", "properties": { "osm_id": 8622824051, "name": "Kutwallahr", "place": "village", "osm_population": null }, "geometry": { "type": "Point", "coordinates": [ 76.2558889, 32.0520077 ] } },
{ "type": "Feature", "properties": { "osm_id": 8622824052, "name": "Panjlehr", "place": "hamlet", "osm_population": null }, "geometry": { "type": "Point", "coordinates": [ 76.2659311, 32.0472426 ] } },
{ "type": "Feature", "properties": { "osm_id": 8622824053, "name": "Taqipurkhas", "place": "village", "osm_population": null }, "geometry": { "type": "Point", "coordinates": [ 76.2562322, 32.0344921 ] } },
{ "type": "Feature", "properties": { "osm_id": 8622824054, "name": "Kulthi", "place": "village", "osm_population": null }, "geometry": { "type": "Point", "coordinates": [ 76.279943, 32.046606 ] } },
{ "type": "Feature", "properties": { "osm_id": 8622824056, "name": "Majhakar", "place": "village", "osm_population": null }, "geometry": { "type": "Point", "coordinates": [ 76.271038, 32.0532989 ] } },
{ "type": "Feature", "properties": { "osm_id": 8622824057, "name": "Bhai", "place": "village", "osm_population": null }, "geometry": { "type": "Point", "coordinates": [ 76.2757158, 32.0574817 ] } },
{ "type": "Feature", "properties": { "osm_id": 8622824058, "name": "Bagh", "place": "village", "osm_population": null }, "geometry": { "type": "Point", "coordinates": [ 76.2664461, 32.0634828 ] } },
{ "type": "Feature", "properties": { "osm_id": 8622824059, "name": "Mandhal", "place": "village", "osm_population": null }, "geometry": { "type": "Point", "coordinates": [ 76.2696755, 32.0599458 ] } },
{ "type": "Feature", "properties": { "osm_id": 8622824060, "name": "Dhagial", "place": "village", "osm_population": null }, "geometry": { "type": "Point", "coordinates": [ 76.2610388, 32.0624099 ] } },
{ "type": "Feature", "properties": { "osm_id": 8622824062, "name": "Janiankar", "place": "village", "osm_population": null }, "geometry": { "type": "Point", "coordinates": [ 76.2535286, 32.0674106 ] } },
{ "type": "Feature", "properties": { "osm_id": 8622824063, "name": "Pondar", "place": "hamlet", "osm_population": null }, "geometry": { "type": "Point", "coordinates": [ 76.3106704, 32.0621826 ] } },
{ "type": "Feature", "properties": { "osm_id": 8622824064, "name": "Sanani", "place": "hamlet", "osm_population": null }, "geometry": { "type": "Point", "coordinates": [ 76.2979352, 32.0612734 ] } },
{ "type": "Feature", "properties": { "osm_id": 8622824066, "name": "Jukhnehr", "place": "hamlet", "osm_population": null }, "geometry": { "type": "Point", "coordinates": [ 76.307956, 32.0787293 ] } },
{ "type": "Feature", "properties": { "osm_id": 8622824067, "name": "unnamed_8622824067", "place": "hamlet", "osm_population": null }, "geometry": { "type": "Point", "coordinates": [ 76.2939977, 32.0850471 ] } },
{ "type": "Feature", "properties": { "osm_id": 8622824068, "name": "Barialkar", "place": "hamlet", "osm_population": null }, "geometry": { "type": "Point", "coordinates": [ 76.3003278, 32.0784111 ] } },
{ "type": "Feature", "properties": { "osm_id": 8624746026, "name": "unnamed_8624746026", "place": "hamlet", "osm_population": null }, "geometry": { "type": "Point", "coordinates": [ 76.4331722, 32.0618098 ] } },
{ "type": "Feature", "properties": { "osm_id": 8624746027, "name": "Lanjehr", "place": "hamlet", "osm_population": null }, "geometry": { "type": "Point", "coordinates": [ 76.4125728, 32.0556813 ] } },
{ "type": "Feature", "properties": { "osm_id": 8624746028, "name": "unnamed_8624746028", "place": "village", "osm_population": null }, "geometry": { "type": "Point", "coordinates": [ 76.4271211, 32.0384029 ] } },
{ "type": "Feature", "properties": { "osm_id": 8624746029, "name": "Khola", "place": "hamlet", "osm_population": null }, "geometry": { "type": "Point", "coordinates": [ 76.4337945, 32.0381846 ] } },
{ "type": "Feature", "properties": { "osm_id": 8624746030, "name": "Khatin", "place": "hamlet", "osm_population": null }, "geometry": { "type": "Point", "coordinates": [ 76.4273572, 32.0585819 ] } },
{ "type": "Feature", "properties": { "osm_id": 8624746031, "name": "Behl", "place": "hamlet", "osm_population": null }, "geometry": { "type": "Point", "coordinates": [ 76.4119613, 32.0657104 ] } },
{ "type": "Feature", "properties": { "osm_id": 8624746032, "name": "Charaitjaggian", "place": "village", "osm_population": null }, "geometry": { "type": "Point", "coordinates": [ 76.4166605, 32.0705563 ] } },
{ "type": "Feature", "properties": { "osm_id": 8624746033, "name": "Tauru", "place": "village", "osm_population": null }, "geometry": { "type": "Point", "coordinates": [ 76.3995266, 32.0035452 ] } },
{ "type": "Feature", "properties": { "osm_id": 8624746034, "name": "Pira", "place": "village", "osm_population": null }, "geometry": { "type": "Point", "coordinates": [ 76.4002776, 32.02516 ] } },
{ "type": "Feature", "properties": { "osm_id": 8624746035, "name": "unnamed_8624746035", "place": "village", "osm_population": null }, "geometry": { "type": "Point", "coordinates": [ 76.3953638, 32.0380391 ] } },
{ "type": "Feature", "properties": { "osm_id": 8624746036, "name": "Chambi", "place": "hamlet", "osm_population": null }, "geometry": { "type": "Point", "coordinates": [ 76.3931429, 32.035156 ] } },
{ "type": "Feature", "properties": { "osm_id": 8624746037, "name": "Baggi", "place": "hamlet", "osm_population": null }, "geometry": { "type": "Point", "coordinates": [ 76.3988399, 32.035056 ] } },
{ "type": "Feature", "properties": { "osm_id": 8624746038, "name": "Hoda", "place": "village", "osm_population": null }, "geometry": { "type": "Point", "coordinates": [ 76.3926387, 32.0310722 ] } },
{ "type": "Feature", "properties": { "osm_id": 8624746039, "name": "Chiran", "place": "village", "osm_population": null }, "geometry": { "type": "Point", "coordinates": [ 76.3914799, 32.0266335 ] } },
{ "type": "Feature", "properties": { "osm_id": 8624746040, "name": "Bah", "place": "village", "osm_population": null }, "geometry": { "type": "Point", "coordinates": [ 76.3863516, 32.036784 ] } },
{ "type": "Feature", "properties": { "osm_id": 8624746041, "name": "unnamed_8624746041", "place": "hamlet", "osm_population": null }, "geometry": { "type": "Point", "coordinates": [ 76.3811374, 32.0261969 ] } },
{ "type": "Feature", "properties": { "osm_id": 8624746042, "name": "Simallahr", "place": "hamlet", "osm_population": null }, "geometry": { "type": "Point", "coordinates": [ 76.3751292, 32.0269246 ] } },
{ "type": "Feature", "properties": { "osm_id": 8624746043, "name": "Phala", "place": "hamlet", "osm_population": null }, "geometry": { "type": "Point", "coordinates": [ 76.3688207, 32.0277887 ] } },
{ "type": "Feature", "properties": { "osm_id": 8624746044, "name": "Lahrthakran", "place": "hamlet", "osm_population": null }, "geometry": { "type": "Point", "coordinates": [ 76.3786697, 32.0234954 ] } },
{ "type": "Feature", "properties": { "osm_id": 8624746048, "name": "Khukhnera", "place": "village", "osm_population": null }, "geometry": { "type": "Point", "coordinates": [ 76.357212, 32.0182649 ] } },
{ "type": "Feature", "properties": { "osm_id": 8624746049, "name": "Chandrun", "place": "village", "osm_population": null }, "geometry": { "type": "Point", "coordinates": [ 76.352942, 32.0148263 ] } },
{ "type": "Feature", "properties": { "osm_id": 8624746050, "name": "Khajji", "place": "village", "osm_population": null }, "geometry": { "type": "Point", "coordinates": [ 76.3501096, 32.0177009 ] } },
{ "type": "Feature", "properties": { "osm_id": 8624746051, "name": "Malmu", "place": "village", "osm_population": null }, "geometry": { "type": "Point", "coordinates": [ 76.3576197, 32.0122245 ] } },
{ "type": "Feature", "properties": { "osm_id": 8624746052, "name": "Kanehr", "place": "village", "osm_population": null }, "geometry": { "type": "Point", "coordinates": [ 76.3687563, 32.0015799 ] } },
{ "type": "Feature", "properties": { "osm_id": 8624746053, "name": "Nera", "place": "hamlet", "osm_population": null }, "geometry": { "type": "Point", "coordinates": [ 76.3659024, 32.0096954 ] } },
{ "type": "Feature", "properties": { "osm_id": 8624746054, "name": "Thamba", "place": "hamlet", "osm_population": null }, "geometry": { "type": "Point", "coordinates": [ 76.3519978, 32.00864 ] } },
{ "type": "Feature", "properties": { "osm_id": 8624746055, "name": "Baridalahr", "place": "hamlet", "osm_population": null }, "geometry": { "type": "Point", "coordinates": [ 76.356225, 32.0031812 ] } },
{ "type": "Feature", "properties": { "osm_id": 8624746056, "name": "Duggha", "place": "village", "osm_population": null }, "geometry": { "type": "Point", "coordinates": [ 76.3624048, 32.002599 ] } },
{ "type": "Feature", "properties": { "osm_id": 8624746057, "name": "Dol", "place": "village", "osm_population": null }, "geometry": { "type": "Point", "coordinates": [ 76.3848281, 32.0560996 ] } },
{ "type": "Feature", "properties": { "osm_id": 8624746058, "name": "Gujrehra", "place": "hamlet", "osm_population": null }, "geometry": { "type": "Point", "coordinates": [ 76.3890767, 32.0656831 ] } },
{ "type": "Feature", "properties": { "osm_id": 8624746059, "name": "unnamed_8624746059", "place": "hamlet", "osm_population": null }, "geometry": { "type": "Point", "coordinates": [ 76.3854933, 32.0689198 ] } },
{ "type": "Feature", "properties": { "osm_id": 8624746060, "name": "Galehr", "place": "village", "osm_population": null }, "geometry": { "type": "Point", "coordinates": [ 76.3782191, 32.0637556 ] } },
{ "type": "Feature", "properties": { "osm_id": 8624746061, "name": "Bag", "place": "village", "osm_population": null }, "geometry": { "type": "Point", "coordinates": [ 76.376245, 32.0688107 ] } },
{ "type": "Feature", "properties": { "osm_id": 8624746062, "name": "Lalehr", "place": "hamlet", "osm_population": null }, "geometry": { "type": "Point", "coordinates": [ 76.3684881, 32.0544356 ] } },
{ "type": "Feature", "properties": { "osm_id": 8624746063, "name": "Chaunki", "place": "hamlet", "osm_population": null }, "geometry": { "type": "Point", "coordinates": [ 76.3638317, 32.0533171 ] } },
{ "type": "Feature", "properties": { "osm_id": 8624746064, "name": "Nehar", "place": "hamlet", "osm_population": null }, "geometry": { "type": "Point", "coordinates": [ 76.3643575, 32.058682 ] } },
{ "type": "Feature", "properties": { "osm_id": 8624746065, "name": "Phekatlahar", "place": "hamlet", "osm_population": null }, "geometry": { "type": "Point", "coordinates": [ 76.358639, 32.0647012 ] } },
{ "type": "Feature", "properties": { "osm_id": 8624746066, "name": "Naihargalwa", "place": "hamlet", "osm_population": null }, "geometry": { "type": "Point", "coordinates": [ 76.3588857, 32.0726655 ] } },
{ "type": "Feature", "properties": { "osm_id": 8624746067, "name": "Patola", "place": "village", "osm_population": null }, "geometry": { "type": "Point", "coordinates": [ 76.3680911, 32.0706109 ] } },
{ "type": "Feature", "properties": { "osm_id": 8624746068, "name": "Goglahr", "place": "village", "osm_population": null }, "geometry": { "type": "Point", "coordinates": [ 76.3674044, 32.0769929 ] } },
{ "type": "Feature", "properties": { "osm_id": 8624746069, "name": "Ghartholi", "place": "village", "osm_population": null }, "geometry": { "type": "Point", "coordinates": [ 76.3873386, 32.0609915 ] } },
{ "type": "Feature", "properties": { "osm_id": 8624746070, "name": "Thakran", "place": "hamlet", "osm_population": null }, "geometry": { "type": "Point", "coordinates": [ 76.4001918, 32.0683561 ] } },
{ "type": "Feature", "properties": { "osm_id": 8624746071, "name": "Balehr", "place": "hamlet", "osm_population": null }, "geometry": { "type": "Point", "coordinates": [ 76.382854, 32.0510983 ] } },
{ "type": "Feature", "properties": { "osm_id": 8624746072, "name": "unnamed_8624746072", "place": "hamlet", "osm_population": null }, "geometry": { "type": "Point", "coordinates": [ 76.3899028, 32.0510619 ] } },
{ "type": "Feature", "properties": { "osm_id": 8624746073, "name": "Bhauran", "place": "hamlet", "osm_population": null }, "geometry": { "type": "Point", "coordinates": [ 76.3961363, 32.0510256 ] } },
{ "type": "Feature", "properties": { "osm_id": 8624746074, "name": "Jamula", "place": "hamlet", "osm_population": null }, "geometry": { "type": "Point", "coordinates": [ 76.3906646, 32.044769 ] } },
{ "type": "Feature", "properties": { "osm_id": 8624746075, "name": "Baroti", "place": "hamlet", "osm_population": null }, "geometry": { "type": "Point", "coordinates": [ 76.374228, 32.0476245 ] } },
{ "type": "Feature", "properties": { "osm_id": 8624746076, "name": "Barana", "place": "village", "osm_population": null }, "geometry": { "type": "Point", "coordinates": [ 76.379528, 32.0481702 ] } },
{ "type": "Feature", "properties": { "osm_id": 8624746077, "name": "Gujrehra", "place": "village", "osm_population": null }, "geometry": { "type": "Point", "coordinates": [ 76.3759231, 32.0437869 ] } },
{ "type": "Feature", "properties": { "osm_id": 8624746078, "name": "Harru", "place": "village", "osm_population": null }, "geometry": { "type": "Point", "coordinates": [ 76.3677907, 32.0407493 ] } },
{ "type": "Feature", "properties": { "osm_id": 8624746079, "name": "Bachhun", "place": "hamlet", "osm_population": null }, "geometry": { "type": "Point", "coordinates": [ 76.3651943, 32.043896 ] } },
{ "type": "Feature", "properties": { "osm_id": 8624746080, "name": "Mariari", "place": "hamlet", "osm_population": null }, "geometry": { "type": "Point", "coordinates": [ 76.3602376, 32.0462604 ] } },
{ "type": "Feature", "properties": { "osm_id": 8624746081, "name": "Thera", "place": "hamlet", "osm_population": null }, "geometry": { "type": "Point", "coordinates": [ 76.440618, 32.0671924 ] } },
{ "type": "Feature", "properties": { "osm_id": 8624746082, "name": "Balla", "place": "hamlet", "osm_population": null }, "geometry": { "type": "Point", "coordinates": [ 76.4457679, 32.0610006 ] } },
{ "type": "Feature", "properties": { "osm_id": 8624746083, "name": "Jol", "place": "village", "osm_population": null }, "geometry": { "type": "Point", "coordinates": [ 76.4423346, 32.0536717 ] } },
{ "type": "Feature", "properties": { "osm_id": 8624746084, "name": "Tanda", "place": "village", "osm_population": null }, "geometry": { "type": "Point", "coordinates": [ 76.4408541, 32.0593912 ] } },
{ "type": "Feature", "properties": { "osm_id": 8624746085, "name": "Barankar", "place": "village", "osm_population": null }, "geometry": { "type": "Point", "coordinates": [ 76.4301252, 32.0767929 ] } },
{ "type": "Feature", "properties": { "osm_id": 8624746086, "name": "Gujran", "place": "village", "osm_population": null }, "geometry": { "type": "Point", "coordinates": [ 76.4068651, 32.0770111 ] } },
{ "type": "Feature", "properties": { "osm_id": 8624746087, "name": "Tarkhankar", "place": "village", "osm_population": null }, "geometry": { "type": "Point", "coordinates": [ 76.3354862, 32.076102 ] } },
{ "type": "Feature", "properties": { "osm_id": 8624746088, "name": "Kalijan", "place": "hamlet", "osm_population": null }, "geometry": { "type": "Point", "coordinates": [ 76.3295102, 32.0714109 ] } },
{ "type": "Feature", "properties": { "osm_id": 8624746089, "name": "Garnaul", "place": "hamlet", "osm_population": null }, "geometry": { "type": "Point", "coordinates": [ 76.3276219, 32.0765202 ] } },
{ "type": "Feature", "properties": { "osm_id": 8624746090, "name": "Bhera", "place": "hamlet", "osm_population": null }, "geometry": { "type": "Point", "coordinates": [ 76.3228154, 32.0740747 ] } },
{ "type": "Feature", "properties": { "osm_id": 8624746091, "name": "Mangwal", "place": "hamlet", "osm_population": null }, "geometry": { "type": "Point", "coordinates": [ 76.3182664, 32.0727837 ] } },
{ "type": "Feature", "properties": { "osm_id": 8624746092, "name": "Gudiara", "place": "village", "osm_population": null }, "geometry": { "type": "Point", "coordinates": [ 76.3380718, 32.069338 ] } },
{ "type": "Feature", "properties": { "osm_id": 8624746093, "name": "Ladret", "place": "hamlet", "osm_population": null }, "geometry": { "type": "Point", "coordinates": [ 76.3404536, 32.0620644 ] } },
{ "type": "Feature", "properties": { "osm_id": 8624746094, "name": "Hilni", "place": "hamlet", "osm_population": null }, "geometry": { "type": "Point", "coordinates": [ 76.3376212, 32.0636101 ] } },
{ "type": "Feature", "properties": { "osm_id": 8624746095, "name": "Dharri", "place": "hamlet", "osm_population": null }, "geometry": { "type": "Point", "coordinates": [ 76.3499379, 32.0688653 ] } },
{ "type": "Feature", "properties": { "osm_id": 8624746096, "name": "Galun", "place": "hamlet", "osm_population": null }, "geometry": { "type": "Point", "coordinates": [ 76.3472986, 32.0641011 ] } },
{ "type": "Feature", "properties": { "osm_id": 8624746097, "name": "Ghora", "place": "hamlet", "osm_population": null }, "geometry": { "type": "Point", "coordinates": [ 76.3517403, 32.0646648 ] } },
{ "type": "Feature", "properties": { "osm_id": 8624746098, "name": "Lahrgangota", "place": "hamlet", "osm_population": null }, "geometry": { "type": "Point", "coordinates": [ 76.3275576, 32.0622463 ] } },
{ "type": "Feature", "properties": { "osm_id": 8624746099, "name": "Haldwar", "place": "hamlet", "osm_population": null }, "geometry": { "type": "Point", "coordinates": [ 76.328609, 32.0566997 ] } },
{ "type": "Feature", "properties": { "osm_id": 8624746100, "name": "Ambkhola", "place": "hamlet", "osm_population": null }, "geometry": { "type": "Point", "coordinates": [ 76.3559139, 32.0647466 ] } },
{ "type": "Feature", "properties": { "osm_id": 8624746101, "name": "Jokani", "place": "hamlet", "osm_population": null }, "geometry": { "type": "Point", "coordinates": [ 76.3496911, 32.0585819 ] } },
{ "type": "Feature", "properties": { "osm_id": 8624746102, "name": "Barota", "place": "hamlet", "osm_population": null }, "geometry": { "type": "Point", "coordinates": [ 76.3552916, 32.0574817 ] } },
{ "type": "Feature", "properties": { "osm_id": 8624746103, "name": "Palakhru", "place": "hamlet", "osm_population": null }, "geometry": { "type": "Point", "coordinates": [ 76.3444233, 32.0539627 ] } },
{ "type": "Feature", "properties": { "osm_id": 8624746104, "name": "Tilladabian", "place": "hamlet", "osm_population": null }, "geometry": { "type": "Point", "coordinates": [ 76.3460755, 32.0487522 ] } },
{ "type": "Feature", "properties": { "osm_id": 8624746105, "name": "Samiara", "place": "hamlet", "osm_population": null }, "geometry": { "type": "Point", "coordinates": [ 76.3488865, 32.0448418 ] } },
{ "type": "Feature", "properties": { "osm_id": 8624746106, "name": "Bhalun", "place": "hamlet", "osm_population": null }, "geometry": { "type": "Point", "coordinates": [ 76.3378358, 32.0467697 ] } },
{ "type": "Feature", "properties": { "osm_id": 8624746107, "name": "Banoth", "place": "hamlet", "osm_population": null }, "geometry": { "type": "Point", "coordinates": [ 76.3367522, 32.0538536 ] } },
{ "type": "Feature", "properties": { "osm_id": 8624746108, "name": "Patari", "place": "hamlet", "osm_population": null }, "geometry": { "type": "Point", "coordinates": [ 76.3271177, 32.0493796 ] } },
{ "type": "Feature", "properties": { "osm_id": 8624746109, "name": "Dalwar", "place": "village", "osm_population": null }, "geometry": { "type": "Point", "coordinates": [ 76.326549, 32.0377663 ] } },
{ "type": "Feature", "properties": { "osm_id": 8624746110, "name": "Lahru", "place": "village", "osm_population": null }, "geometry": { "type": "Point", "coordinates": [ 76.3309264, 32.0337736 ] } },
{ "type": "Feature", "properties": { "osm_id": 8624746112, "name": "Smallahr", "place": "hamlet", "osm_population": null }, "geometry": { "type": "Point", "coordinates": [ 76.3558924, 32.0359382 ] } },
{ "type": "Feature", "properties": { "osm_id": 8624746113, "name": "Dhokar", "place": "hamlet", "osm_population": null }, "geometry": { "type": "Point", "coordinates": [ 76.35306, 32.0276523 ] } },
{ "type": "Feature", "properties": { "osm_id": 8624746114, "name": "Bhatehr", "place": "hamlet", "osm_population": null }, "geometry": { "type": "Point", "coordinates": [ 76.3476205, 32.0263607 ] } },
{ "type": "Feature", "properties": { "osm_id": 8624746115, "name": "Makloh", "place": "hamlet", "osm_population": null }, "geometry": { "type": "Point", "coordinates": [ 76.3445735, 32.0302537 ] } },
{ "type": "Feature", "properties": { "osm_id": 8624746116, "name": "Munglera", "place": "village", "osm_population": null }, "geometry": { "type": "Point", "coordinates": [ 76.3389945, 32.0271793 ] } },
{ "type": "Feature", "properties": { "osm_id": 8624748417, "name": "Haret", "place": "village", "osm_population": null }, "geometry": { "type": "Point", "coordinates": [ 76.331538, 32.0286255 ] } },
{ "type": "Feature", "properties": { "osm_id": 8624748418, "name": "Matial", "place": "village", "osm_population": null }, "geometry": { "type": "Point", "coordinates": [ 76.3252509, 32.028007 ] } },
{ "type": "Feature", "properties": { "osm_id": 8624748419, "name": "Talai", "place": "village", "osm_population": null }, "geometry": { "type": "Point", "coordinates": [ 76.3347459, 32.021667 ] } },
{ "type": "Feature", "properties": { "osm_id": 8624748420, "name": "Akrana", "place": "hamlet", "osm_population": null }, "geometry": { "type": "Point", "coordinates": [ 76.3387155, 32.0110964 ] } },
{ "type": "Feature", "properties": { "osm_id": 8624748421, "name": "Har", "place": "hamlet", "osm_population": null }, "geometry": { "type": "Point", "coordinates": [ 76.3304973, 32.0096135 ] } },
{ "type": "Feature", "properties": { "osm_id": 8624748422, "name": "Bari", "place": "hamlet", "osm_population": null }, "geometry": { "type": "Point", "coordinates": [ 76.3247466, 32.010314 ] } },
{ "type": "Feature", "properties": { "osm_id": 8624748423, "name": "Bher", "place": "hamlet", "osm_population": null }, "geometry": { "type": "Point", "coordinates": [ 76.3201332, 32.0133343 ] } },
{ "type": "Feature", "properties": { "osm_id": 8624748424, "name": "Gumehr", "place": "hamlet", "osm_population": null }, "geometry": { "type": "Point", "coordinates": [ 76.3280725, 32.0054922 ] } },
{ "type": "Feature", "properties": { "osm_id": 8624748425, "name": "Dhasehr", "place": "hamlet", "osm_population": null }, "geometry": { "type": "Point", "coordinates": [ 76.3216781, 32.0057105 ] } },
{ "type": "Feature", "properties": { "osm_id": 8624748426, "name": "Kamlota", "place": "village", "osm_population": null }, "geometry": { "type": "Point", "coordinates": [ 76.3131809, 32.0002152 ] } },
{ "type": "Feature", "properties": { "osm_id": 8624748427, "name": "Bhawani", "place": "hamlet", "osm_population": null }, "geometry": { "type": "Point", "coordinates": [ 76.3536072, 32.0778111 ] } },
{ "type": "Feature", "properties": { "osm_id": 8624748428, "name": "Kenthlahr", "place": "village", "osm_population": null }, "geometry": { "type": "Point", "coordinates": [ 76.3456678, 32.0771202 ] } },
{ "type": "Feature", "properties": { "osm_id": 8624748429, "name": "Thamba", "place": "village", "osm_population": null }, "geometry": { "type": "Point", "coordinates": [ 76.3442516, 32.0732656 ] } },
{ "type": "Feature", "properties": { "osm_id": 8624748430, "name": "Ustehr", "place": "village", "osm_population": null }, "geometry": { "type": "Point", "coordinates": [ 76.3337588, 32.0792474 ] } },
{ "type": "Feature", "properties": { "osm_id": 8624748431, "name": "Ghutu", "place": "village", "osm_population": null }, "geometry": { "type": "Point", "coordinates": [ 76.3293064, 32.0804474 ] } },
{ "type": "Feature", "properties": { "osm_id": 8624771356, "name": "Kohlru", "place": "hamlet", "osm_population": null }, "geometry": { "type": "Point", "coordinates": [ 76.4144182, 32.0092223 ] } },
{ "type": "Feature", "properties": { "osm_id": 8624771357, "name": "Usehr", "place": "hamlet", "osm_population": null }, "geometry": { "type": "Point", "coordinates": [ 76.4047837, 32.0140803 ] } },
{ "type": "Feature", "properties": { "osm_id": 8624771358, "name": "Gharanu", "place": "hamlet", "osm_population": null }, "geometry": { "type": "Point", "coordinates": [ 76.420083, 32.0160817 ] } },
{ "type": "Feature", "properties": { "osm_id": 8624771359, "name": "Bhadrol", "place": "village", "osm_population": null }, "geometry": { "type": "Point", "coordinates": [ 76.4334726, 32.0135709 ] } },
{ "type": "Feature", "properties": { "osm_id": 8624771360, "name": "Dain", "place": "village", "osm_population": null }, "geometry": { "type": "Point", "coordinates": [ 76.4415407, 32.0042002 ] } },
{ "type": "Feature", "properties": { "osm_id": 8624771361, "name": "unnamed_8624771361", "place": "hamlet", "osm_population": null }, "geometry": { "type": "Point", "coordinates": [ 76.4327645, 32.0476791 ] } },
{ "type": "Feature", "properties": { "osm_id": 8624771362, "name": "Korna", "place": "hamlet", "osm_population": null }, "geometry": { "type": "Point", "coordinates": [ 76.4170682, 32.05409 ] } },
{ "type": "Feature", "properties": { "osm_id": 8624771363, "name": "Chonbu", "place": "village", "osm_population": null }, "geometry": { "type": "Point", "coordinates": [ 76.4164996, 32.0514075 ] } },
{ "type": "Feature", "properties": { "osm_id": 8624771364, "name": "Tapehr", "place": "village", "osm_population": null }, "geometry": { "type": "Point", "coordinates": [ 76.412766, 32.04777 ] } },
{ "type": "Feature", "properties": { "osm_id": 8624771365, "name": "Makrehr", "place": "hamlet", "osm_population": null }, "geometry": { "type": "Point", "coordinates": [ 76.4218855, 32.0437687 ] } },
{ "type": "Feature", "properties": { "osm_id": 8624771366, "name": "Gadiara", "place": "village", "osm_population": null }, "geometry": { "type": "Point", "coordinates": [ 76.4137745, 32.0441324 ] } },
{ "type": "Feature", "properties": { "osm_id": 8624771367, "name": "Barehr", "place": "hamlet", "osm_population": null }, "geometry": { "type": "Point", "coordinates": [ 76.4119184, 32.0393851 ] } },
{ "type": "Feature", "properties": { "osm_id": 8624771368, "name": "Gadiara", "place": "hamlet", "osm_population": null }, "geometry": { "type": "Point", "coordinates": [ 76.40944, 32.037457 ] } },
{ "type": "Feature", "properties": { "osm_id": 8624771369, "name": "Mangehr", "place": "hamlet", "osm_population": null }, "geometry": { "type": "Point", "coordinates": [ 76.4067793, 32.0336007 ] } },
{ "type": "Feature", "properties": { "osm_id": 8624771370, "name": "Khasrajhun", "place": "hamlet", "osm_population": null }, "geometry": { "type": "Point", "coordinates": [ 76.4057815, 32.0293441 ] } },
{ "type": "Feature", "properties": { "osm_id": 8624771371, "name": "Guin", "place": "hamlet", "osm_population": null }, "geometry": { "type": "Point", "coordinates": [ 76.4205766, 32.0295624 ] } },
{ "type": "Feature", "properties": { "osm_id": 8624771372, "name": "unnamed_8624771372", "place": "hamlet", "osm_population": null }, "geometry": { "type": "Point", "coordinates": [ 76.4214027, 32.033628 ] } },
{ "type": "Feature", "properties": { "osm_id": 8624771373, "name": "Thalehr", "place": "hamlet", "osm_population": null }, "geometry": { "type": "Point", "coordinates": [ 76.4283442, 32.0311632 ] } },
{ "type": "Feature", "properties": { "osm_id": 8624771374, "name": "Dugahan", "place": "hamlet", "osm_population": null }, "geometry": { "type": "Point", "coordinates": [ 76.4161992, 32.0231588 ] } },
{ "type": "Feature", "properties": { "osm_id": 8624771375, "name": "Bharath", "place": "hamlet", "osm_population": null }, "geometry": { "type": "Point", "coordinates": [ 76.4374208, 32.0291804 ] } },
{ "type": "Feature", "properties": { "osm_id": 8624771376, "name": "Ghanun", "place": "hamlet", "osm_population": null }, "geometry": { "type": "Point", "coordinates": [ 76.4406931, 32.0251509 ] } },
{ "type": "Feature", "properties": { "osm_id": 8624771377, "name": "Dhalehra", "place": "village", "osm_population": null }, "geometry": { "type": "Point", "coordinates": [ 76.4305115, 32.0207392 ] } },
{ "type": "Feature", "properties": { "osm_id": 9888796802, "name": "Sadwan", "place": "village", "osm_population": null }, "geometry": { "type": "Point", "coordinates": [ 76.2278169, 31.7877176 ] } },
{ "type": "Feature", "properties": { "osm_id": 9888799400, "name": "Bani", "place": "village", "osm_population": null }, "geometry": { "type": "Point", "coordinates": [ 76.2205749, 31.8038497 ] } },
{ "type": "Feature", "properties": { "osm_id": 9927970387, "name": "Suja", "place": "village", "osm_population": null }, "geometry": { "type": "Point", "coordinates": [ 76.7014682, 32.0408948 ] } },
{ "type": "Feature", "properties": { "osm_id": 9954198039, "name": "Upper Kaloha", "place": "village", "osm_population": null }, "geometry": { "type": "Point", "coordinates": [ 76.2234215, 31.7665198 ] } },
{ "type": "Feature", "properties": { "osm_id": 10129430042, "name": "Chalali", "place": "village", "osm_population": null }, "geometry": { "type": "Point", "coordinates": [ 76.1382672, 31.8081026 ] } },
{ "type": "Feature", "properties": { "osm_id": 10129433451, "name": "Chanouta Jhikla", "place": "village", "osm_population": null }, "geometry": { "type": "Point", "coordinates": [ 76.1583713, 31.8048082 ] } },
{ "type": "Feature", "properties": { "osm_id": 10574302479, "name": "Lower Gathri", "place": "hamlet", "osm_population": null }, "geometry": { "type": "Point", "coordinates": [ 76.3042075, 32.2632784 ] } },
{ "type": "Feature", "properties": { "osm_id": 10669531175, "name": "Gundha", "place": "hamlet", "osm_population": null }, "geometry": { "type": "Point", "coordinates": [ 76.7625852, 32.0987071 ] } },
{ "type": "Feature", "properties": { "osm_id": 10669531176, "name": "Tarmahr", "place": "hamlet", "osm_population": null }, "geometry": { "type": "Point", "coordinates": [ 76.8553541, 32.0739374 ] } },
{ "type": "Feature", "properties": { "osm_id": 10676125922, "name": "Chamba Pattan", "place": "village", "osm_population": null }, "geometry": { "type": "Point", "coordinates": [ 76.2541416, 31.8312956 ] } },
{ "type": "Feature", "properties": { "osm_id": 10690493924, "name": "Khabru Got", "place": "hamlet", "osm_population": null }, "geometry": { "type": "Point", "coordinates": [ 76.180889, 32.3428232 ] } },
{ "type": "Feature", "properties": { "osm_id": 10690493943, "name": "Rulehd", "place": "hamlet", "osm_population": null }, "geometry": { "type": "Point", "coordinates": [ 76.1939835, 32.3064405 ] } },
{ "type": "Feature", "properties": { "osm_id": 10690493947, "name": "Jhijrala", "place": "hamlet", "osm_population": null }, "geometry": { "type": "Point", "coordinates": [ 76.2448168, 32.2771551 ] } },
{ "type": "Feature", "properties": { "osm_id": 10690493948, "name": "Darala", "place": "hamlet", "osm_population": null }, "geometry": { "type": "Point", "coordinates": [ 76.2342381, 32.2757038 ] } },
{ "type": "Feature", "properties": { "osm_id": 10690493949, "name": "Bhaler", "place": "hamlet", "osm_population": null }, "geometry": { "type": "Point", "coordinates": [ 76.2240028, 32.2715673 ] } },
{ "type": "Feature", "properties": { "osm_id": 10690493950, "name": "Ghatta", "place": "hamlet", "osm_population": null }, "geometry": { "type": "Point", "coordinates": [ 76.2446022, 32.2575416 ] } },
{ "type": "Feature", "properties": { "osm_id": 10690493951, "name": "Sel", "place": "hamlet", "osm_population": null }, "geometry": { "type": "Point", "coordinates": [ 76.2532496, 32.2563621 ] } },
{ "type": "Feature", "properties": { "osm_id": 10690493952, "name": "Patrol", "place": "hamlet", "osm_population": null }, "geometry": { "type": "Point", "coordinates": [ 76.192503, 32.2525514 ] } },
{ "type": "Feature", "properties": { "osm_id": 10690493953, "name": "Ghura", "place": "hamlet", "osm_population": null }, "geometry": { "type": "Point", "coordinates": [ 76.192503, 32.2613249 ] } },
{ "type": "Feature", "properties": { "osm_id": 10690493958, "name": "Har", "place": "village", "osm_population": null }, "geometry": { "type": "Point", "coordinates": [ 76.2628412, 32.2083712 ] } },
{ "type": "Feature", "properties": { "osm_id": 10690493959, "name": "Tharot", "place": "hamlet", "osm_population": null }, "geometry": { "type": "Point", "coordinates": [ 76.2532067, 32.2086435 ] } },
{ "type": "Feature", "properties": { "osm_id": 10690493960, "name": "Dargela", "place": "village", "osm_population": null }, "geometry": { "type": "Point", "coordinates": [ 76.2276506, 32.2120204 ] } },
{ "type": "Feature", "properties": { "osm_id": 10690493961, "name": "Tharu", "place": "village", "osm_population": null }, "geometry": { "type": "Point", "coordinates": [ 76.2391948, 32.2126196 ] } },
{ "type": "Feature", "properties": { "osm_id": 10690493962, "name": "Thamba", "place": "hamlet", "osm_population": null }, "geometry": { "type": "Point", "coordinates": [ 76.2270283, 32.2173215 ] } },
{ "type": "Feature", "properties": { "osm_id": 10690493963, "name": "Sakao", "place": "hamlet", "osm_population": null }, "geometry": { "type": "Point", "coordinates": [ 76.215291, 32.2209522 ] } },
{ "type": "Feature", "properties": { "osm_id": 10690493966, "name": "Sarna", "place": "hamlet", "osm_population": null }, "geometry": { "type": "Point", "coordinates": [ 76.2149262, 32.2342121 ] } },
{ "type": "Feature", "properties": { "osm_id": 10690493976, "name": "Boru", "place": "hamlet", "osm_population": null }, "geometry": { "type": "Point", "coordinates": [ 76.2222648, 32.2470345 ] } },
{ "type": "Feature", "properties": { "osm_id": 10690493977, "name": "Khola", "place": "hamlet", "osm_population": null }, "geometry": { "type": "Point", "coordinates": [ 76.2290454, 32.2492123 ] } },
{ "type": "Feature", "properties": { "osm_id": 10690493978, "name": "Ganena", "place": "hamlet", "osm_population": null }, "geometry": { "type": "Point", "coordinates": [ 76.218102, 32.2585396 ] } },
{ "type": "Feature", "properties": { "osm_id": 11343102750, "name": "Passu", "place": "village", "osm_population": null }, "geometry": { "type": "Point", "coordinates": [ 76.3165626, 32.1705572 ] } },
{ "type": "Feature", "properties": { "osm_id": 11343151690, "name": "unnamed_11343151690", "place": "village", "osm_population": null }, "geometry": { "type": "Point", "coordinates": [ 76.2120656, 31.8536116 ] } },
{ "type": "Feature", "properties": { "osm_id": 11343151752, "name": "Gher Mangarh", "place": "village", "osm_population": null }, "geometry": { "type": "Point", "coordinates": [ 76.2077695, 31.9280654 ] } },
{ "type": "Feature", "properties": { "osm_id": 11343151795, "name": "Seera Da Baroh", "place": "village", "osm_population": null }, "geometry": { "type": "Point", "coordinates": [ 76.2011632, 31.9801374 ] } },
{ "type": "Feature", "properties": { "osm_id": 11343151796, "name": "Haripur", "place": "village", "osm_population": null }, "geometry": { "type": "Point", "coordinates": [ 76.1936994, 31.9537937 ] } },
{ "type": "Feature", "properties": { "osm_id": 11363346407, "name": "Upper Skoh", "place": "village", "osm_population": null }, "geometry": { "type": "Point", "coordinates": [ 76.3171855, 32.190807 ] } },
{ "type": "Feature", "properties": { "osm_id": 11593145509, "name": "Kaloha", "place": "village", "osm_population": null }, "geometry": { "type": "Point", "coordinates": [ 76.2208896, 31.7763968 ] } },
{ "type": "Feature", "properties": { "osm_id": 11634223795, "name": "Balyana", "place": "village", "osm_population": 761.0 }, "geometry": { "type": "Point", "coordinates": [ 76.192977, 31.804513 ] } },
{ "type": "Feature", "properties": { "osm_id": 11634333705, "name": "Lag Badhna", "place": "village", "osm_population": 459.0 }, "geometry": { "type": "Point", "coordinates": [ 76.1800784, 31.7983391 ] } },
{ "type": "Feature", "properties": { "osm_id": 11634333706, "name": "Lag Thakran", "place": "village", "osm_population": 199.0 }, "geometry": { "type": "Point", "coordinates": [ 76.1700791, 31.7857364 ] } },
{ "type": "Feature", "properties": { "osm_id": 11634333707, "name": "Lag Dahdu", "place": "village", "osm_population": 143.0 }, "geometry": { "type": "Point", "coordinates": [ 76.1847347, 31.789293 ] } },
{ "type": "Feature", "properties": { "osm_id": 11640374732, "name": "Dangra", "place": "village", "osm_population": 563.0 }, "geometry": { "type": "Point", "coordinates": [ 76.2091678, 31.8072389 ] } },
{ "type": "Feature", "properties": { "osm_id": 11640374733, "name": "Chanauta Uparla", "place": "village", "osm_population": null }, "geometry": { "type": "Point", "coordinates": [ 76.1615446, 31.7963685 ] } },
{ "type": "Feature", "properties": { "osm_id": 11645150398, "name": "Har", "place": "village", "osm_population": null }, "geometry": { "type": "Point", "coordinates": [ 76.2050439, 31.8424159 ] } },
{ "type": "Feature", "properties": { "osm_id": 11645150399, "name": "Naleti", "place": "village", "osm_population": null }, "geometry": { "type": "Point", "coordinates": [ 76.2209487, 31.8366534 ] } },
{ "type": "Feature", "properties": { "osm_id": 11645150400, "name": "Garh", "place": "village", "osm_population": null }, "geometry": { "type": "Point", "coordinates": [ 76.221639, 31.8268905 ] } },
{ "type": "Feature", "properties": { "osm_id": 11645150401, "name": "Mahun", "place": "village", "osm_population": null }, "geometry": { "type": "Point", "coordinates": [ 76.2295402, 31.8148711 ] } },
{ "type": "Feature", "properties": { "osm_id": 11645150402, "name": "Sehri", "place": "village", "osm_population": null }, "geometry": { "type": "Point", "coordinates": [ 76.1925642, 31.7784215 ] } },
{ "type": "Feature", "properties": { "osm_id": 11645150403, "name": "Bihan Uparli", "place": "village", "osm_population": null }, "geometry": { "type": "Point", "coordinates": [ 76.1704543, 31.8503551 ] } },
{ "type": "Feature", "properties": { "osm_id": 11645150404, "name": "Bihan", "place": "village", "osm_population": null }, "geometry": { "type": "Point", "coordinates": [ 76.1672963, 31.8621574 ] } },
{ "type": "Feature", "properties": { "osm_id": 11645150405, "name": "Barwara", "place": "village", "osm_population": null }, "geometry": { "type": "Point", "coordinates": [ 76.1503915, 31.8731853 ] } },
{ "type": "Feature", "properties": { "osm_id": 11645150406, "name": "Thor Uparli", "place": "village", "osm_population": null }, "geometry": { "type": "Point", "coordinates": [ 76.1437782, 31.8774762 ] } },
{ "type": "Feature", "properties": { "osm_id": 11645150407, "name": "Thor Nichli", "place": "village", "osm_population": null }, "geometry": { "type": "Point", "coordinates": [ 76.1430166, 31.8750941 ] } },
{ "type": "Feature", "properties": { "osm_id": 11647855855, "name": "Sukahr", "place": "village", "osm_population": null }, "geometry": { "type": "Point", "coordinates": [ 76.1419542, 31.8110299 ] } },
{ "type": "Feature", "properties": { "osm_id": 11652170727, "name": "Nagrota Nahan", "place": "village", "osm_population": null }, "geometry": { "type": "Point", "coordinates": [ 76.2512519, 31.8165715 ] } },
{ "type": "Feature", "properties": { "osm_id": 11652170728, "name": "Manyala Buhla", "place": "village", "osm_population": null }, "geometry": { "type": "Point", "coordinates": [ 76.2536028, 31.8008464 ] } },
{ "type": "Feature", "properties": { "osm_id": 11652170729, "name": "Kathiara", "place": "village", "osm_population": null }, "geometry": { "type": "Point", "coordinates": [ 76.2592071, 31.8133002 ] } },
{ "type": "Feature", "properties": { "osm_id": 11652170730, "name": "Chamba", "place": "village", "osm_population": null }, "geometry": { "type": "Point", "coordinates": [ 76.2578167, 31.8220881 ] } },
{ "type": "Feature", "properties": { "osm_id": 11652170731, "name": "Chamba Khas", "place": "village", "osm_population": null }, "geometry": { "type": "Point", "coordinates": [ 76.262902, 31.8238359 ] } },
{ "type": "Feature", "properties": { "osm_id": 11652170732, "name": "Kaleshwar", "place": "village", "osm_population": null }, "geometry": { "type": "Point", "coordinates": [ 76.2706728, 31.8222337 ] } },
{ "type": "Feature", "properties": { "osm_id": 11653009942, "name": "Chamnal", "place": "village", "osm_population": null }, "geometry": { "type": "Point", "coordinates": [ 76.1726083, 31.8098464 ] } },
{ "type": "Feature", "properties": { "osm_id": 11653009943, "name": "Nalsuha", "place": "village", "osm_population": null }, "geometry": { "type": "Point", "coordinates": [ 76.1810077, 31.821315 ] } },
{ "type": "Feature", "properties": { "osm_id": 11653009962, "name": "Sukehr", "place": "village", "osm_population": null }, "geometry": { "type": "Point", "coordinates": [ 76.1896015, 31.8243054 ] } },
{ "type": "Feature", "properties": { "osm_id": 11653009963, "name": "Bhajnath", "place": "village", "osm_population": null }, "geometry": { "type": "Point", "coordinates": [ 76.1946412, 31.828424 ] } },
{ "type": "Feature", "properties": { "osm_id": 11763213988, "name": "Lower Sunhet", "place": "village", "osm_population": null }, "geometry": { "type": "Point", "coordinates": [ 76.2261935, 31.8692257 ] } },
{ "type": "Feature", "properties": { "osm_id": 11763214111, "name": "Sunhet", "place": "village", "osm_population": null }, "geometry": { "type": "Point", "coordinates": [ 76.2232019, 31.8598684 ] } },
{ "type": "Feature", "properties": { "osm_id": 11763214281, "name": "Lal Pukhar", "place": "village", "osm_population": null }, "geometry": { "type": "Point", "coordinates": [ 76.2101021, 31.8356343 ] } },
{ "type": "Feature", "properties": { "osm_id": 11763255525, "name": "Darkata", "place": "village", "osm_population": null }, "geometry": { "type": "Point", "coordinates": [ 76.2171547, 31.9911646 ] } },
{ "type": "Feature", "properties": { "osm_id": 11763255613, "name": "Khabli Dosara", "place": "village", "osm_population": null }, "geometry": { "type": "Point", "coordinates": [ 76.2224401, 31.9055251 ] } },
{ "type": "Feature", "properties": { "osm_id": 11763256556, "name": "Diyal", "place": "village", "osm_population": null }, "geometry": { "type": "Point", "coordinates": [ 76.2024325, 31.8461845 ] } },
{ "type": "Feature", "properties": { "osm_id": 11763270086, "name": "Bankhandi", "place": "village", "osm_population": null }, "geometry": { "type": "Point", "coordinates": [ 76.2030347, 31.9599213 ] } },
{ "type": "Feature", "properties": { "osm_id": 12215502863, "name": "Amb Tilla", "place": "village", "osm_population": null }, "geometry": { "type": "Point", "coordinates": [ 76.1735683, 31.7744956 ] } },
{ "type": "Feature", "properties": { "osm_id": 12215526103, "name": "Kaloha Nichla", "place": "village", "osm_population": null }, "geometry": { "type": "Point", "coordinates": [ 76.209171, 31.7826454 ] } },
{ "type": "Feature", "properties": { "osm_id": 12696295784, "name": "Galu", "place": "hamlet", "osm_population": null }, "geometry": { "type": "Point", "coordinates": [ 76.3200544, 32.251866 ] } },
{ "type": "Feature", "properties": { "osm_id": 13267186322, "name": "Tihri", "place": "village", "osm_population": null }, "geometry": { "type": "Point", "coordinates": [ 76.3742006, 31.8596382 ] } },
{ "type": "Feature", "properties": { "osm_id": 13267191362, "name": "Chowki", "place": "village", "osm_population": null }, "geometry": { "type": "Point", "coordinates": [ 76.3770197, 31.8565349 ] } },
{ "type": "Feature", "properties": { "osm_id": 13267740931, "name": "Diyara", "place": "hamlet", "osm_population": null }, "geometry": { "type": "Point", "coordinates": [ 76.2218254, 31.8727859 ] } },
{ "type": "Feature", "properties": { "osm_id": 13906131329, "name": "Sungal", "place": "village", "osm_population": null }, "geometry": { "type": "Point", "coordinates": [ 76.5859503, 32.0843855 ] } },
{ "type": "Feature", "properties": { "osm_id": 13935318683, "name": "Har Balakrupi", "place": "village", "osm_population": null }, "geometry": { "type": "Point", "coordinates": [ 76.486516, 31.8627972 ] } },
{ "type": "Feature", "properties": { "osm_id": 13935318684, "name": "Tarkan Lahra", "place": "village", "osm_population": null }, "geometry": { "type": "Point", "coordinates": [ 76.3984322, 31.9375093 ] } },
{ "type": "Feature", "properties": { "osm_id": 13935374838, "name": "Nahli", "place": "village", "osm_population": null }, "geometry": { "type": "Point", "coordinates": [ 76.4105558, 31.8574755 ] } },
{ "type": "Feature", "properties": { "osm_id": 13937561282, "name": "Karu", "place": "hamlet", "osm_population": null }, "geometry": { "type": "Point", "coordinates": [ 75.9830883, 32.0281158 ] } },
{ "type": "Feature", "properties": { "osm_id": 13959492310, "name": "Bhatoli Phakorian", "place": "village", "osm_population": null }, "geometry": { "type": "Point", "coordinates": [ 76.1354405, 31.9748254 ] } }
]
}
